grant_id,tranche_no,scheduled_date,amount_inr,paid_on_time,days_delayed
G0001,1,2021-01-01,40077639,1,0
G0001,2,2021-07-01,14891508,0,16
G0001,3,2022-01-01,3910852,1,0
G0002,1,2021-07-01,15168278,1,0
G0002,2,2021-10-01,8339803,1,0
G0002,3,2022-01-01,11121919,0,18
G0003,1,2022-02-01,46994867,1,0
G0003,2,2022-07-01,10875133,1,0
G0004,1,2022-09-01,18961175,1,0
G0004,2,2023-06-01,16762954,0,19
G0004,3,2024-03-01,19755871,1,0
G0005,1,2023-10-01,9752722,1,0
G0005,2,2024-01-01,38142112,1,0
G0005,3,2024-04-01,18995166,1,0
G0006,1,2021-12-01,8440569,1,0
G0006,2,2022-03-01,2205550,1,0
G0006,3,2022-06-01,28633880,1,0
G0007,1,2022-04-01,2801864,1,0
G0007,2,2022-08-01,10150560,1,0
G0007,3,2022-12-01,21763428,0,8
G0007,4,2023-04-01,4324148,1,0
G0008,1,2023-03-01,8536158,1,0
G0008,2,2023-08-01,36763842,1,0
G0009,1,2023-03-01,22026363,1,0
G0009,2,2023-08-01,10283637,1,0
G0010,1,2023-03-01,14573383,1,0
G0010,2,2023-04-01,529127,1,0
G0010,3,2023-05-01,2136324,1,0
G0010,4,2023-06-01,9529249,1,0
G0010,5,2023-07-01,8601917,1,0
G0011,1,2023-10-01,21341335,1,0
G0011,2,2024-07-01,1134921,1,0
G0011,3,2025-04-01,11033744,0,2
G0012,1,2021-10-01,40316821,1,0
G0012,2,2022-09-01,11283179,1,0
G0013,1,2021-05-01,23630906,1,0
G0013,2,2021-09-01,33781659,1,0
G0013,3,2022-01-01,15757435,1,0
G0014,1,2022-11-01,11949576,1,0
G0014,2,2023-01-01,7923777,1,0
G0014,3,2023-03-01,4464870,1,0
G0014,4,2023-05-01,22301778,1,0
G0015,1,2022-04-01,50917300,1,0
G0015,2,2022-12-01,15602489,1,0
G0015,3,2023-08-01,4370210,1,0
G0016,1,2022-01-01,14543780,1,0
G0016,2,2022-02-01,6868255,1,0
G0016,3,2022-03-01,5577918,1,0
G0016,4,2022-04-01,1297411,1,0
G0016,5,2022-05-01,7302635,1,0
G0017,1,2023-04-01,8225928,1,0
G0017,2,2023-12-01,1404498,1,0
G0017,3,2024-08-01,9899574,1,0
G0018,1,2022-09-01,12781961,0,16
G0018,2,2023-03-01,13468779,0,24
G0018,3,2023-09-01,48439261,1,0
G0019,1,2023-09-01,29191811,1,0
G0019,2,2024-02-01,11588189,1,0
G0020,1,2024-05-01,24489884,0,5
G0020,2,2024-11-01,5309115,1,0
G0020,3,2025-05-01,2156930,1,0
G0020,4,2025-11-01,17284071,1,0
G0021,1,2022-11-01,16563935,1,0
G0021,2,2023-05-01,266065,0,15
G0022,1,2022-04-01,46528522,1,0
G0022,2,2022-10-01,5059014,1,0
G0022,3,2023-04-01,20181024,1,0
G0022,4,2023-10-01,11901440,1,0
G0023,1,2022-04-01,17082583,0,9
G0023,2,2022-09-01,23017417,1,0
G0024,1,2021-05-01,16421723,1,0
G0024,2,2021-12-01,14388277,1,0
G0025,1,2024-04-01,1680056,1,0
G0025,2,2024-06-01,8776367,1,0
G0025,3,2024-08-01,18695427,1,0
G0025,4,2024-10-01,11468150,0,11
G0026,1,2022-02-01,21910236,0,24
G0026,2,2022-07-01,3713628,1,0
G0026,3,2022-12-01,7634668,1,0
G0026,4,2023-05-01,15181468,1,0
G0027,1,2021-10-01,11166520,0,11
G0027,2,2022-03-01,28270114,1,0
G0027,3,2022-08-01,14380253,1,0
G0027,4,2023-01-01,15993113,1,0
G0028,1,2024-09-01,27318046,0,12
G0028,2,2025-01-01,49737779,1,0
G0028,3,2025-05-01,43974174,1,0
G0029,1,2021-05-01,24512711,1,0
G0029,2,2021-12-01,62803634,1,0
G0029,3,2022-07-01,23193655,1,0
G0030,1,2023-10-01,57193826,1,0
G0030,2,2024-06-01,38542319,1,0
G0030,3,2025-02-01,39283855,0,3
G0031,1,2022-01-01,10503010,0,19
G0031,2,2023-01-01,25686990,1,0
G0032,1,2021-03-01,5157386,1,0
G0032,2,2021-06-01,9466783,1,0
G0032,3,2021-09-01,7515831,0,16
G0033,1,2024-10-01,13728124,0,2
G0033,2,2025-03-01,12362765,0,16
G0033,3,2025-08-01,8569111,1,0
G0034,1,2021-12-01,20626058,1,0
G0034,2,2022-04-01,19270146,1,0
G0034,3,2022-08-01,8887375,1,0
G0034,4,2022-12-01,4936421,1,0
G0035,1,2024-09-01,29609132,1,0
G0035,2,2025-02-01,37428288,1,0
G0035,3,2025-07-01,19692580,1,0
G0036,1,2023-02-01,94819308,1,0
G0036,2,2024-01-01,39220692,1,0
G0037,1,2024-04-01,2746522,1,0
G0037,2,2025-01-01,34373478,1,0
G0038,1,2021-11-01,16442442,1,0
G0038,2,2022-03-01,14247558,1,0
G0039,1,2023-04-01,31535748,1,0
G0039,2,2023-10-01,45614252,1,0
G0040,1,2024-05-01,54043544,1,0
G0040,2,2024-08-01,8611136,1,0
G0040,3,2024-11-01,20585321,1,0
G0041,1,2022-01-01,9299126,1,0
G0041,2,2022-08-01,10911232,1,0
G0041,3,2023-03-01,9909642,1,0
G0042,1,2023-02-01,26542874,1,0
G0042,2,2023-07-01,2653795,1,0
G0042,3,2023-12-01,8116252,1,0
G0042,4,2024-05-01,13417079,1,0
G0043,1,2024-01-01,18263647,1,0
G0043,2,2024-10-01,40926353,1,0
G0044,1,2023-08-01,31034966,1,0
G0044,2,2023-11-01,6664356,1,0
G0044,3,2024-02-01,2860678,1,0
G0045,1,2022-05-01,3944754,1,0
G0045,2,2022-08-01,19745254,1,0
G0045,3,2022-11-01,26979992,1,0
G0046,1,2021-04-01,48571549,1,0
G0046,2,2021-07-01,86789895,1,0
G0046,3,2021-10-01,13618556,1,0
G0047,1,2024-08-01,24554595,1,0
G0047,2,2024-11-01,6121879,1,0
G0047,3,2025-02-01,7463526,1,0
G0048,1,2023-08-01,6870071,1,0
G0048,2,2023-11-01,3724483,1,0
G0048,3,2024-02-01,7075915,1,0
G0048,4,2024-05-01,17983792,0,2
G0048,5,2024-08-01,9675739,1,0
G0049,1,2022-09-01,26743258,1,0
G0049,2,2023-03-01,8654577,1,0
G0049,3,2023-09-01,8555619,1,0
G0049,4,2024-03-01,3246546,1,0
G0050,1,2021-06-01,7606591,1,0
G0050,2,2021-09-01,34003089,1,0
G0050,3,2021-12-01,5060320,1,0
G0051,1,2023-12-01,47835403,0,2
G0051,2,2024-06-01,16632121,1,0
G0051,3,2024-12-01,18452477,0,4
G0052,1,2022-07-01,51392837,1,0
G0052,2,2023-06-01,19977163,0,18
G0053,1,2022-02-01,13721320,1,0
G0053,2,2022-09-01,14218680,1,0
G0054,1,2023-03-01,6519489,1,0
G0054,2,2023-07-01,22835009,1,0
G0054,3,2023-11-01,17525502,0,10
G0055,1,2021-07-01,10758337,1,0
G0055,2,2022-06-01,15311663,1,0
G0056,1,2023-12-01,56622767,1,0
G0056,2,2024-05-01,39468067,1,0
G0056,3,2024-10-01,31106186,1,0
G0056,4,2025-03-01,45292980,1,0
G0057,1,2021-09-01,25210530,1,0
G0057,2,2022-05-01,26621642,1,0
G0057,3,2023-01-01,47237828,0,24
G0058,1,2024-10-01,24633367,1,0
G0058,2,2025-05-01,2496633,0,16
G0059,1,2024-11-01,28545374,1,0
G0059,2,2025-04-01,53024626,1,0
G0060,1,2024-10-01,20930824,1,0
G0060,2,2025-01-01,19673083,0,8
G0060,3,2025-04-01,12340571,1,0
G0060,4,2025-07-01,3455522,1,0
G0061,1,2024-09-01,51859757,1,0
G0061,2,2025-08-01,24180243,1,0
G0062,1,2023-05-01,13513904,1,0
G0062,2,2023-07-01,1688025,1,0
G0062,3,2023-09-01,28305748,1,0
G0062,4,2023-11-01,2362322,1,0
G0063,1,2024-03-01,64178327,0,12
G0063,2,2024-09-01,82161673,1,0
G0064,1,2022-11-01,1703522,1,0
G0064,2,2023-02-01,3760167,0,10
G0064,3,2023-05-01,1986103,1,0
G0064,4,2023-08-01,3820286,0,17
G0064,5,2023-11-01,3021737,1,0
G0064,6,2024-02-01,3508184,0,11
G0065,1,2024-09-01,10058010,1,0
G0065,2,2025-01-01,10851939,1,0
G0065,3,2025-05-01,5805198,1,0
G0065,4,2025-09-01,7487348,1,0
G0065,5,2026-01-01,4457504,1,0
G0066,1,2024-06-01,7143193,0,12
G0066,2,2024-08-01,1959839,1,0
G0066,3,2024-10-01,3841579,1,0
G0066,4,2024-12-01,22315389,0,18
G0067,1,2023-10-01,25912305,1,0
G0067,2,2024-10-01,19617695,1,0
G0068,1,2023-03-01,39762050,0,6
G0068,2,2023-12-01,18921844,1,0
G0068,3,2024-09-01,22706105,0,18
G0069,1,2024-04-01,11066440,1,0
G0069,2,2024-10-01,4713799,0,2
G0069,3,2025-04-01,13202117,1,0
G0069,4,2025-10-01,13667644,1,0
G0070,1,2023-10-01,11970634,1,0
G0070,2,2024-04-01,11509366,1,0
G0071,1,2024-01-01,20002122,1,0
G0071,2,2024-09-01,23907878,1,0
G0072,1,2023-05-01,22375828,0,17
G0072,2,2023-12-01,5492000,1,0
G0072,3,2024-07-01,42342172,1,0
G0073,1,2023-01-01,52174297,1,0
G0073,2,2023-12-01,73335703,1,0
G0074,1,2022-09-01,30295569,1,0
G0074,2,2023-01-01,61684431,1,0
G0075,1,2021-10-01,46314430,0,4
G0075,2,2022-02-01,4435570,1,0
G0076,1,2022-03-01,24857082,1,0
G0076,2,2022-10-01,6672918,1,0
G0077,1,2021-07-01,4739635,1,0
G0077,2,2021-11-01,9836225,0,2
G0077,3,2022-03-01,10482355,1,0
G0077,4,2022-07-01,25240042,1,0
G0077,5,2022-11-01,5691742,1,0
G0078,1,2024-11-01,14675821,1,0
G0078,2,2025-05-01,57170950,0,10
G0078,3,2025-11-01,14193228,1,0
G0079,1,2023-05-01,32897019,1,0
G0079,2,2023-10-01,21562981,1,0
G0080,1,2022-09-01,7764216,0,10
G0080,2,2022-12-01,7024698,1,0
G0080,3,2023-03-01,6131086,1,0
G0081,1,2024-04-01,45640028,1,0
G0081,2,2024-08-01,6626326,1,0
G0081,3,2024-12-01,9231036,1,0
G0081,4,2025-04-01,21613835,0,15
G0081,5,2025-08-01,438775,1,0
G0082,1,2024-09-01,12377068,1,0
G0082,2,2025-10-01,8222932,1,0
G0083,1,2021-10-01,15275658,1,0
G0083,2,2022-03-01,30828894,1,0
G0083,3,2022-08-01,15975448,1,0
G0084,1,2024-03-01,12018062,1,0
G0084,2,2024-06-01,5842273,1,0
G0084,3,2024-09-01,3813270,1,0
G0084,4,2024-12-01,15636395,1,0
G0085,1,2021-06-01,18272719,1,0
G0085,2,2022-06-01,24577281,1,0
G0086,1,2022-04-01,12122020,0,10
G0086,2,2022-11-01,15623846,1,0
G0086,3,2023-06-01,42864134,1,0
G0087,1,2021-11-01,22940808,1,0
G0087,2,2022-06-01,27395580,1,0
G0087,3,2023-01-01,75413612,1,0
G0088,1,2021-01-01,39897495,1,0
G0088,2,2021-08-01,5013130,0,14
G0088,3,2022-03-01,45549375,1,0
G0089,1,2021-02-01,22606616,1,0
G0089,2,2021-04-01,3228167,1,0
G0089,3,2021-06-01,2995283,1,0
G0089,4,2021-08-01,16513551,1,0
G0089,5,2021-10-01,8026383,1,0
G0090,1,2022-11-01,8815956,1,0
G0090,2,2023-02-01,31840831,1,0
G0090,3,2023-05-01,3243213,1,0
G0091,1,2024-12-01,22726134,0,5
G0091,2,2025-07-01,5757422,1,0
G0091,3,2026-02-01,28396444,1,0
G0092,1,2021-04-01,20894417,1,0
G0092,2,2022-05-01,74395583,0,22
G0093,1,2022-03-01,16381413,0,8
G0093,2,2022-09-01,8404788,1,0
G0093,3,2023-03-01,9573799,0,26
G0094,1,2024-07-01,28983900,1,0
G0094,2,2024-12-01,22626100,1,0
G0095,1,2023-09-01,75983941,0,10
G0095,2,2024-05-01,42171444,1,0
G0095,3,2025-01-01,131844615,1,0
G0096,1,2022-08-01,64362353,1,0
G0096,2,2022-10-01,16656714,1,0
G0096,3,2022-12-01,35141102,1,0
G0096,4,2023-02-01,16219831,1,0
G0097,1,2023-11-01,9160133,1,0
G0097,2,2024-03-01,8400140,1,0
G0097,3,2024-07-01,3967275,1,0
G0097,4,2024-11-01,7682452,1,0
G0098,1,2024-01-01,10423781,1,0
G0098,2,2024-09-01,11828694,1,0
G0098,3,2025-05-01,2967525,1,0
G0099,1,2021-01-01,54322968,1,0
G0099,2,2021-07-01,24438116,1,0
G0099,3,2022-01-01,22608915,1,0
G0100,1,2021-10-01,3563649,1,0
G0100,2,2021-12-01,12358494,1,0
G0100,3,2022-02-01,19053064,1,0
G0100,4,2022-04-01,2297528,1,0
G0100,5,2022-06-01,5367265,1,0
G0101,1,2022-04-01,3593666,1,0
G0101,2,2022-05-01,4183695,1,0
G0101,3,2022-06-01,5494154,1,0
G0101,4,2022-07-01,9436432,0,12
G0101,5,2022-08-01,16762808,0,14
G0101,6,2022-09-01,7429245,1,0
G0102,1,2024-10-01,24374211,1,0
G0102,2,2025-02-01,9720778,1,0
G0102,3,2025-06-01,22205012,1,0
G0103,1,2024-06-01,11223441,1,0
G0103,2,2025-03-01,2216559,1,0
G0104,1,2023-05-01,2275336,0,10
G0104,2,2023-07-01,23833478,1,0
G0104,3,2023-09-01,3572608,1,0
G0104,4,2023-11-01,1828578,1,0
G0105,1,2023-11-01,41669625,0,9
G0105,2,2024-01-01,890626,1,0
G0105,3,2024-03-01,16925839,1,0
G0105,4,2024-05-01,23653910,1,0
G0106,1,2023-02-01,95694404,0,9
G0106,2,2023-05-01,18712203,1,0
G0106,3,2023-08-01,7273392,1,0
G0107,1,2021-03-01,26526004,1,0
G0107,2,2021-08-01,22079566,1,0
G0107,3,2022-01-01,6544430,0,4
G0108,1,2021-12-01,30826225,0,13
G0108,2,2022-05-01,12999076,1,0
G0108,3,2022-10-01,32056781,1,0
G0108,4,2023-03-01,12567918,0,3
G0109,1,2024-01-01,11054773,1,0
G0109,2,2024-06-01,14995281,1,0
G0109,3,2024-11-01,14339946,1,0
G0110,1,2024-03-01,28214827,1,0
G0110,2,2024-09-01,39525173,1,0
G0111,1,2023-09-01,15110122,1,0
G0111,2,2024-01-01,8120671,0,15
G0111,3,2024-05-01,14956266,1,0
G0111,4,2024-09-01,18332941,1,0
G0112,1,2024-08-01,38292347,0,11
G0112,2,2025-01-01,25129521,1,0
G0112,3,2025-06-01,20018132,1,0
G0113,1,2022-03-01,61673830,0,2
G0113,2,2022-08-01,17829938,1,0
G0113,3,2023-01-01,15366232,1,0
G0114,1,2022-03-01,67937861,1,0
G0114,2,2022-08-01,85222139,1,0
G0115,1,2024-01-01,93992194,1,0
G0115,2,2024-05-01,15617806,1,0
G0116,1,2021-11-01,26367201,0,13
G0116,2,2022-03-01,4374235,1,0
G0116,3,2022-07-01,14288565,1,0
G0117,1,2023-04-01,12665824,0,13
G0117,2,2023-09-01,16363638,0,3
G0117,3,2024-02-01,14877799,1,0
G0117,4,2024-07-01,6892739,1,0
G0118,1,2023-06-01,6993167,0,16
G0118,2,2023-10-01,6609900,1,0
G0118,3,2024-02-01,2368820,1,0
G0118,4,2024-06-01,4248112,1,0
G0119,1,2023-08-01,88760127,1,0
G0119,2,2024-03-01,64729873,1,0
G0120,1,2024-02-01,26909488,1,0
G0120,2,2024-07-01,63210512,1,0
G0121,1,2023-09-01,14742351,1,0
G0121,2,2024-09-01,15307649,1,0
G0122,1,2021-10-01,46411739,1,0
G0122,2,2022-10-01,77828261,1,0
G0123,1,2021-05-01,15490670,1,0
G0123,2,2021-09-01,14069330,1,0
G0124,1,2024-02-01,8677262,1,0
G0124,2,2025-01-01,8122738,1,0
G0125,1,2021-10-01,14922322,0,7
G0125,2,2022-02-01,31899024,0,8
G0125,3,2022-06-01,5762052,1,0
G0125,4,2022-10-01,2855217,1,0
G0125,5,2023-02-01,2391386,1,0
G0126,1,2024-05-01,164931432,1,0
G0126,2,2024-12-01,41717605,1,0
G0126,3,2025-07-01,23280964,1,0
G0127,1,2021-05-01,5985700,0,4
G0127,2,2021-09-01,21292543,0,9
G0127,3,2022-01-01,5562381,0,3
G0127,4,2022-05-01,3189376,0,15
G0128,1,2024-03-01,40926336,0,7
G0128,2,2024-11-01,25333664,1,0
G0129,1,2024-04-01,6434047,1,0
G0129,2,2024-08-01,8751387,1,0
G0129,3,2024-12-01,19708772,1,0
G0129,4,2025-04-01,12055795,1,0
G0130,1,2024-07-01,27929134,1,0
G0130,2,2025-06-01,35080866,1,0
G0131,1,2021-07-01,32702970,1,0
G0131,2,2022-02-01,6757030,1,0
G0132,1,2023-10-01,20085152,1,0
G0132,2,2024-06-01,24364848,1,0
G0133,1,2021-03-01,23527249,1,0
G0133,2,2022-01-01,14742751,1,0
G0134,1,2021-10-01,4904621,0,14
G0134,2,2022-03-01,14266315,1,0
G0134,3,2022-08-01,6018993,0,14
G0134,4,2023-01-01,9510071,1,0
G0135,1,2021-08-01,24697149,1,0
G0135,2,2022-03-01,15942912,0,15
G0135,3,2022-10-01,3819939,0,8
G0136,1,2023-08-01,17758840,1,0
G0136,2,2024-07-01,19181160,1,0
G0137,1,2024-02-01,7137640,1,0
G0137,2,2024-08-01,21216864,1,0
G0137,3,2025-02-01,10065496,1,0
G0138,1,2021-06-01,66123653,0,2
G0138,2,2022-06-01,49156347,1,0
G0139,1,2024-05-01,31125088,1,0
G0139,2,2024-08-01,541226,1,0
G0139,3,2024-11-01,8063686,1,0
G0140,1,2022-02-01,9961853,1,0
G0140,2,2022-07-01,9930381,1,0
G0140,3,2022-12-01,18654141,1,0
G0140,4,2023-05-01,19063625,1,0
G0141,1,2021-10-01,11065273,1,0
G0141,2,2021-12-01,15989505,0,3
G0141,3,2022-02-01,20045221,1,0
G0142,1,2023-06-01,12607089,0,15
G0142,2,2023-08-01,15086517,1,0
G0142,3,2023-10-01,8893827,1,0
G0142,4,2023-12-01,14372567,1,0
G0143,1,2021-03-01,2148836,0,12
G0143,2,2021-05-01,16658793,1,0
G0143,3,2021-07-01,7252635,1,0
G0143,4,2021-09-01,10229736,1,0
G0144,1,2023-05-01,25121068,1,0
G0144,2,2023-09-01,18424449,0,7
G0144,3,2024-01-01,5164484,1,0
G0145,1,2022-05-01,4090982,1,0
G0145,2,2022-09-01,4497711,0,8
G0145,3,2023-01-01,11369500,0,8
G0145,4,2023-05-01,9821807,0,24
G0146,1,2023-09-01,6973489,1,0
G0146,2,2024-02-01,35785031,1,0
G0146,3,2024-07-01,8688113,1,0
G0146,4,2024-12-01,8733367,1,0
G0147,1,2022-05-01,10543026,1,0
G0147,2,2023-01-01,8136974,1,0
G0148,1,2024-11-01,60005080,0,13
G0148,2,2025-04-01,26894790,1,0
G0148,3,2025-09-01,86957785,1,0
G0148,4,2026-02-01,27032345,0,13
G0149,1,2023-06-01,50609553,1,0
G0149,2,2024-02-01,12430447,1,0
G0150,1,2021-05-01,26301965,1,0
G0150,2,2021-09-01,45625252,0,18
G0150,3,2022-01-01,13806464,1,0
G0150,4,2022-05-01,11296318,1,0
G0151,1,2023-02-01,34192249,0,14
G0151,2,2023-09-01,19978963,1,0
G0151,3,2024-04-01,26688788,1,0
G0152,1,2023-07-01,2778941,1,0
G0152,2,2023-12-01,7165934,1,0
G0152,3,2024-05-01,1250826,1,0
G0152,4,2024-10-01,3754300,1,0
G0153,1,2022-01-01,38496567,1,0
G0153,2,2023-01-01,37173433,0,12
G0154,1,2024-06-01,15643211,1,0
G0154,2,2024-11-01,3574742,1,0
G0154,3,2025-04-01,12716201,1,0
G0154,4,2025-09-01,24715846,0,16
G0155,1,2021-03-01,4093037,1,0
G0155,2,2021-07-01,11164026,1,0
G0155,3,2021-11-01,2677420,1,0
G0155,4,2022-03-01,20473823,1,0
G0155,5,2022-07-01,13151694,1,0
G0156,1,2022-12-01,130872997,1,0
G0156,2,2023-07-01,4087003,1,0
G0157,1,2022-10-01,29888989,1,0
G0157,2,2023-01-01,9106829,0,7
G0157,3,2023-04-01,23574182,1,0
G0158,1,2023-04-01,59055072,0,22
G0158,2,2023-08-01,40074928,1,0
G0159,1,2021-05-01,7003137,1,0
G0159,2,2021-06-01,20481066,1,0
G0159,3,2021-07-01,27925205,1,0
G0159,4,2021-08-01,48405701,1,0
G0159,5,2021-09-01,8494891,0,5
G0160,1,2022-02-01,1606273,0,22
G0160,2,2022-08-01,18448265,1,0
G0160,3,2023-02-01,1467609,1,0
G0160,4,2023-08-01,7487852,0,7
G0161,1,2024-12-01,37903923,0,5
G0161,2,2025-08-01,9936077,1,0
G0162,1,2024-12-01,16373500,1,0
G0162,2,2025-02-01,12036844,1,0
G0162,3,2025-04-01,1152108,1,0
G0162,4,2025-06-01,1751448,1,0
G0162,5,2025-08-01,9436100,1,0
G0163,1,2021-04-01,7200725,1,0
G0163,2,2021-07-01,32241593,1,0
G0163,3,2021-10-01,6487682,1,0
G0164,1,2023-12-01,7625605,1,0
G0164,2,2024-09-01,13124395,1,0
G0165,1,2023-09-01,17424702,1,0
G0165,2,2024-04-01,25946241,0,18
G0165,3,2024-11-01,11519057,1,0
G0166,1,2023-06-01,77871048,0,4
G0166,2,2024-03-01,95716497,0,22
G0166,3,2024-12-01,44232456,1,0
G0167,1,2022-07-01,35671672,1,0
G0167,2,2023-01-01,11180322,0,19
G0167,3,2023-07-01,4958006,1,0
G0168,1,2024-03-01,51411489,1,0
G0168,2,2024-07-01,11118511,1,0
G0169,1,2024-12-01,10762416,0,18
G0169,2,2025-08-01,5889945,0,6
G0169,3,2026-04-01,7477639,0,13
G0170,1,2024-07-01,72035552,0,6
G0170,2,2024-12-01,29974451,1,0
G0170,3,2025-05-01,17939997,1,0
G0171,1,2021-06-01,22757116,1,0
G0171,2,2021-12-01,15735854,1,0
G0171,3,2022-06-01,9152889,1,0
G0171,4,2022-12-01,5434140,1,0
G0172,1,2022-09-01,30245775,1,0
G0172,2,2023-10-01,12224225,1,0
G0173,1,2022-01-01,2297340,0,20
G0173,2,2022-11-01,22532660,1,0
G0174,1,2022-07-01,56304059,0,7
G0174,2,2022-09-01,26906496,1,0
G0174,3,2022-11-01,36409510,0,12
G0174,4,2023-01-01,65099935,1,0
G0175,1,2024-05-01,8605867,1,0
G0175,2,2025-03-01,20814133,1,0
G0176,1,2023-03-01,5159479,1,0
G0176,2,2023-10-01,13462343,1,0
G0176,3,2024-05-01,16568177,1,0
G0177,1,2022-01-01,5428730,1,0
G0177,2,2022-02-01,9757286,1,0
G0177,3,2022-03-01,5344763,1,0
G0177,4,2022-04-01,3166055,0,3
G0177,5,2022-05-01,2653167,0,13
G0178,1,2022-04-01,68373856,1,0
G0178,2,2023-01-01,37416144,1,0
G0179,1,2024-08-01,15131802,1,0
G0179,2,2025-04-01,9768198,1,0
G0180,1,2023-04-01,6988682,1,0
G0180,2,2023-08-01,33381557,1,0
G0180,3,2023-12-01,10355147,1,0
G0180,4,2024-04-01,9614614,1,0
G0181,1,2024-11-01,3252575,0,8
G0181,2,2025-04-01,8818135,1,0
G0181,3,2025-09-01,4279290,1,0
G0182,1,2024-10-01,42423624,1,0
G0182,2,2025-01-01,26808035,0,8
G0182,3,2025-04-01,7748341,1,0
G0183,1,2021-09-01,50044943,0,14
G0183,2,2022-01-01,22235057,1,0
G0184,1,2023-06-01,17076357,0,10
G0184,2,2023-11-01,12071255,1,0
G0184,3,2024-04-01,34074790,1,0
G0184,4,2024-09-01,16217598,1,0
G0185,1,2022-01-01,11632121,1,0
G0185,2,2022-10-01,8665873,1,0
G0185,3,2023-07-01,3102007,1,0
G0186,1,2022-06-01,9089876,1,0
G0186,2,2022-12-01,2872509,1,0
G0186,3,2023-06-01,14802417,1,0
G0186,4,2023-12-01,1305199,0,12
G0187,1,2023-01-01,4431312,1,0
G0187,2,2023-07-01,5658582,1,0
G0187,3,2024-01-01,39460107,1,0
G0188,1,2022-12-01,7618954,0,9
G0188,2,2023-09-01,12358149,1,0
G0188,3,2024-06-01,9942897,1,0
G0189,1,2023-02-01,51759856,1,0
G0189,2,2023-08-01,11163923,1,0
G0189,3,2024-02-01,1156220,1,0
G0190,1,2021-03-01,74605437,1,0
G0190,2,2021-10-01,66464563,1,0
G0191,1,2021-04-01,18266229,1,0
G0191,2,2021-08-01,8953771,1,0
G0192,1,2024-10-01,11428861,1,0
G0192,2,2025-03-01,23706361,1,0
G0192,3,2025-08-01,31711099,0,6
G0192,4,2026-01-01,10993680,1,0
G0193,1,2022-07-01,34599094,1,0
G0193,2,2023-02-01,2863592,1,0
G0193,3,2023-09-01,1957314,1,0
G0194,1,2024-06-01,113508910,1,0
G0194,2,2024-12-01,58464850,1,0
G0194,3,2025-06-01,7266239,1,0
G0195,1,2021-07-01,19261596,1,0
G0195,2,2021-10-01,33806267,1,0
G0195,3,2022-01-01,7139349,1,0
G0195,4,2022-04-01,1912134,1,0
G0195,5,2022-07-01,790654,1,0
G0196,1,2023-08-01,8213706,1,0
G0196,2,2024-01-01,17700037,0,20
G0196,3,2024-06-01,5229631,1,0
G0196,4,2024-11-01,1206627,1,0
G0197,1,2021-01-01,8903095,1,0
G0197,2,2021-05-01,19982571,1,0
G0197,3,2021-09-01,11905244,1,0
G0197,4,2022-01-01,7339089,1,0
G0198,1,2022-11-01,47899311,1,0
G0198,2,2023-03-01,30029521,0,10
G0198,3,2023-07-01,2731945,1,0
G0198,4,2023-11-01,34919222,1,0
G0199,1,2022-01-01,75557637,1,0
G0199,2,2022-09-01,35802363,0,22
G0200,1,2024-05-01,10748885,1,0
G0200,2,2024-11-01,21586773,0,2
G0200,3,2025-05-01,26463404,1,0
G0200,4,2025-11-01,31300939,0,5
G0201,1,2024-12-01,21050588,0,13
G0201,2,2025-08-01,20489412,1,0
G0202,1,2023-01-01,25327749,0,6
G0202,2,2023-04-01,13360636,1,0
G0202,3,2023-07-01,11442547,1,0
G0202,4,2023-10-01,26739067,1,0
G0203,1,2021-07-01,26824498,1,0
G0203,2,2022-07-01,9235502,1,0
G0204,1,2023-10-01,8018980,0,2
G0204,2,2024-04-01,20809583,0,11
G0204,3,2024-10-01,39721437,1,0
G0205,1,2023-04-01,12142835,1,0
G0205,2,2023-12-01,12321038,1,0
G0205,3,2024-08-01,1366127,1,0
G0206,1,2021-05-01,83116349,1,0
G0206,2,2022-06-01,5693651,1,0
G0207,1,2022-04-01,10408036,1,0
G0207,2,2023-02-01,25341964,1,0
G0208,1,2022-02-01,11829219,1,0
G0208,2,2022-07-01,4743821,1,0
G0208,3,2022-12-01,6644851,1,0
G0208,4,2023-05-01,7482109,1,0
G0209,1,2022-05-01,25469132,1,0
G0209,2,2022-07-01,20419544,1,0
G0209,3,2022-09-01,8263791,1,0
G0209,4,2022-11-01,2107532,1,0
G0210,1,2024-09-01,31992729,0,22
G0210,2,2025-03-01,11887191,1,0
G0210,3,2025-09-01,18819215,1,0
G0210,4,2026-03-01,4730865,1,0
G0211,1,2021-12-01,22176851,1,0
G0211,2,2023-01-01,34053149,1,0
G0212,1,2022-09-01,77045614,1,0
G0212,2,2023-03-01,2014386,1,0
G0213,1,2023-04-01,17812461,1,0
G0213,2,2023-11-01,8126512,0,11
G0213,3,2024-06-01,32351027,1,0
G0214,1,2021-02-01,21751206,1,0
G0214,2,2021-04-01,19582475,1,0
G0214,3,2021-06-01,9677193,1,0
G0214,4,2021-08-01,9669127,1,0
G0215,1,2023-08-01,19108960,1,0
G0215,2,2024-08-01,27471040,0,16
G0216,1,2021-10-01,27336918,1,0
G0216,2,2022-01-01,9175052,1,0
G0216,3,2022-04-01,11832708,1,0
G0216,4,2022-07-01,2735322,1,0
G0217,1,2023-01-01,25012800,1,0
G0217,2,2023-08-01,13947200,1,0
G0218,1,2021-01-01,21172040,0,11
G0218,2,2021-09-01,33017960,0,4
G0219,1,2022-12-01,33155594,1,0
G0219,2,2023-12-01,24654406,1,0
G0220,1,2021-04-01,7983417,1,0
G0220,2,2021-06-01,1373320,1,0
G0220,3,2021-08-01,3512688,1,0
G0220,4,2021-10-01,21180575,1,0
G0221,1,2022-06-01,49596525,1,0
G0221,2,2023-03-01,31463475,1,0
G0222,1,2022-12-01,8707708,1,0
G0222,2,2023-04-01,37312292,1,0
G0223,1,2023-10-01,90362315,1,0
G0223,2,2024-04-01,9927699,1,0
G0223,3,2024-10-01,8859985,0,2
G0224,1,2022-06-01,24151689,1,0
G0224,2,2023-02-01,36478311,1,0
G0225,1,2024-11-01,17304046,1,0
G0225,2,2025-01-01,46369462,1,0
G0225,3,2025-03-01,16640101,0,19
G0225,4,2025-05-01,6896391,1,0
G0226,1,2024-10-01,11762114,1,0
G0226,2,2025-03-01,33103639,1,0
G0226,3,2025-08-01,8772091,1,0
G0226,4,2026-01-01,10122155,1,0
G0227,1,2021-09-01,22711429,1,0
G0227,2,2022-10-01,13708571,1,0
G0228,1,2023-02-01,8070901,1,0
G0228,2,2023-06-01,6086584,1,0
G0228,3,2023-10-01,7144019,1,0
G0228,4,2024-02-01,13678496,1,0
G0229,1,2021-02-01,9711452,0,16
G0229,2,2021-06-01,45729526,1,0
G0229,3,2021-10-01,16897094,1,0
G0229,4,2022-02-01,46991929,1,0
G0230,1,2024-06-01,9849083,1,0
G0230,2,2024-12-01,22656899,0,18
G0230,3,2025-06-01,21364018,0,15
G0231,1,2023-02-01,18193599,1,0
G0231,2,2023-04-01,17892705,1,0
G0231,3,2023-06-01,8473697,1,0
G0232,1,2021-03-01,16207086,1,0
G0232,2,2021-05-01,6331807,0,5
G0232,3,2021-07-01,4860801,1,0
G0232,4,2021-09-01,19334961,1,0
G0232,5,2021-11-01,30275344,1,0
G0233,1,2023-05-01,35187991,0,4
G0233,2,2023-10-01,41512009,1,0
G0234,1,2023-12-01,24721469,0,6
G0234,2,2024-07-01,42118531,0,2
G0235,1,2022-12-01,65561498,1,0
G0235,2,2023-08-01,171135731,1,0
G0235,3,2024-04-01,13302770,1,0
G0236,1,2024-11-01,13748546,1,0
G0236,2,2025-02-01,9520815,1,0
G0236,3,2025-05-01,7419889,1,0
G0236,4,2025-08-01,12707120,1,0
G0236,5,2025-11-01,1660406,1,0
G0236,6,2026-02-01,5903223,1,0
G0237,1,2024-03-01,88464231,1,0
G0237,2,2024-10-01,5005769,1,0
G0238,1,2021-12-01,1856556,1,0
G0238,2,2022-04-01,8639544,1,0
G0238,3,2022-08-01,2014911,1,0
G0238,4,2022-12-01,8848653,1,0
G0238,5,2023-04-01,3620337,1,0
G0239,1,2022-11-01,19673361,0,6
G0239,2,2023-04-01,3679158,0,10
G0239,3,2023-09-01,38363597,1,0
G0239,4,2024-02-01,35253884,1,0
G0240,1,2022-03-01,36422588,1,0
G0240,2,2022-11-01,38370780,1,0
G0240,3,2023-07-01,18956632,1,0
G0241,1,2023-04-01,3819501,1,0
G0241,2,2023-09-01,52080499,1,0
G0242,1,2022-06-01,14986005,1,0
G0242,2,2023-03-01,33873995,1,0
G0243,1,2022-02-01,10923498,1,0
G0243,2,2022-07-01,4349970,1,0
G0243,3,2022-12-01,20295707,1,0
G0243,4,2023-05-01,11990824,1,0
G0244,1,2023-02-01,32711196,1,0
G0244,2,2024-03-01,4408804,1,0
G0245,1,2022-11-01,20338497,1,0
G0245,2,2023-05-01,8127221,1,0
G0245,3,2023-11-01,3734282,1,0
G0246,1,2021-09-01,6785915,1,0
G0246,2,2021-12-01,6248297,1,0
G0246,3,2022-03-01,11378743,1,0
G0246,4,2022-06-01,21597044,0,17
G0247,1,2023-07-01,60809904,0,9
G0247,2,2024-03-01,50700096,1,0
G0248,1,2022-03-01,25153587,1,0
G0248,2,2022-10-01,8456413,0,15
G0249,1,2021-03-01,12422518,0,10
G0249,2,2021-06-01,9395691,1,0
G0249,3,2021-09-01,3146892,1,0
G0249,4,2021-12-01,20281352,1,0
G0249,5,2022-03-01,19853547,1,0
G0250,1,2024-03-01,33629492,1,0
G0250,2,2024-09-01,6935587,1,0
G0250,3,2025-03-01,21226332,1,0
G0250,4,2025-09-01,9828588,1,0
G0251,1,2021-08-01,37503300,1,0
G0251,2,2022-04-01,6396405,1,0
G0251,3,2022-12-01,7940294,1,0
G0252,1,2021-06-01,108779151,0,9
G0252,2,2022-06-01,20610849,1,0
G0253,1,2024-03-01,15535621,1,0
G0253,2,2024-12-01,16314379,1,0
G0254,1,2024-08-01,40271370,1,0
G0254,2,2025-07-01,32788630,1,0
G0255,1,2023-12-01,52755758,1,0
G0255,2,2024-05-01,15924262,1,0
G0255,3,2024-10-01,33499980,1,0
G0256,1,2024-03-01,68358506,1,0
G0256,2,2024-05-01,15943033,1,0
G0256,3,2024-07-01,14997959,1,0
G0256,4,2024-09-01,8670503,0,16
G0257,1,2023-09-01,12254275,1,0
G0257,2,2024-02-01,2205158,1,0
G0257,3,2024-07-01,13566726,1,0
G0257,4,2024-12-01,11070118,1,0
G0257,5,2025-05-01,7223722,1,0
G0258,1,2021-10-01,1756221,0,11
G0258,2,2022-03-01,9807763,1,0
G0258,3,2022-08-01,3597572,0,13
G0258,4,2023-01-01,9688444,1,0
G0259,1,2021-12-01,3135849,1,0
G0259,2,2022-08-01,20936211,1,0
G0259,3,2023-04-01,30177940,1,0
G0260,1,2023-11-01,12876035,1,0
G0260,2,2024-03-01,16065021,1,0
G0260,3,2024-07-01,3211165,1,0
G0260,4,2024-11-01,19747779,1,0
G0261,1,2021-11-01,49460034,0,11
G0261,2,2022-07-01,11309966,1,0
G0262,1,2024-05-01,20541420,1,0
G0262,2,2024-08-01,5838140,1,0
G0262,3,2024-11-01,19660440,1,0
G0263,1,2023-09-01,41907136,1,0
G0263,2,2024-09-01,16912864,1,0
G0264,1,2023-02-01,11218877,1,0
G0264,2,2023-08-01,17371123,1,0
G0265,1,2022-08-01,39117062,1,0
G0265,2,2023-09-01,20802938,1,0
G0266,1,2022-09-01,9815931,1,0
G0266,2,2022-11-01,18535188,1,0
G0266,3,2023-01-01,1105284,1,0
G0266,4,2023-03-01,7533596,1,0
G0267,1,2021-01-01,10420251,1,0
G0267,2,2021-10-01,11437469,1,0
G0267,3,2022-07-01,11712280,0,10
G0268,1,2023-07-01,14520531,1,0
G0268,2,2023-11-01,15129176,1,0
G0268,3,2024-03-01,15650293,1,0
G0269,1,2024-03-01,27744638,0,5
G0269,2,2024-10-01,1005362,1,0
G0270,1,2024-01-01,9047606,1,0
G0270,2,2024-06-01,26769223,1,0
G0270,3,2024-11-01,5243171,1,0
G0271,1,2021-09-01,17150520,0,10
G0271,2,2022-02-01,14859480,1,0
G0272,1,2023-09-01,153069173,1,0
G0272,2,2024-02-01,43540827,1,0
G0273,1,2023-01-01,1741322,0,25
G0273,2,2023-10-01,10829477,1,0
G0273,3,2024-07-01,5559201,1,0
G0274,1,2023-07-01,22758409,1,0
G0274,2,2023-10-01,19519762,1,0
G0274,3,2024-01-01,2721668,1,0
G0274,4,2024-04-01,6530161,1,0
G0275,1,2021-10-01,45194113,1,0
G0275,2,2022-06-01,32843254,1,0
G0275,3,2023-02-01,20572633,1,0
G0276,1,2023-07-01,1723013,0,11
G0276,2,2023-08-01,8584619,1,0
G0276,3,2023-09-01,675711,1,0
G0276,4,2023-10-01,504516,1,0
G0276,5,2023-11-01,11652141,1,0
G0277,1,2023-11-01,13006619,1,0
G0277,2,2024-02-01,36390802,1,0
G0277,3,2024-05-01,21542579,1,0
G0278,1,2022-11-01,20214056,1,0
G0278,2,2023-05-01,16635944,1,0
G0279,1,2022-11-01,62418980,1,0
G0279,2,2023-03-01,58581633,1,0
G0279,3,2023-07-01,44729388,1,0
G0280,1,2024-01-01,24041971,1,0
G0280,2,2024-09-01,15008029,1,0
G0281,1,2021-05-01,2754355,1,0
G0281,2,2021-09-01,15683199,1,0
G0281,3,2022-01-01,9533959,1,0
G0281,4,2022-05-01,17298487,1,0
G0282,1,2022-08-01,30650541,1,0
G0282,2,2023-01-01,14067018,1,0
G0282,3,2023-06-01,32427339,0,15
G0282,4,2023-11-01,27775102,0,15
G0283,1,2021-03-01,27459972,1,0
G0283,2,2021-05-01,18098908,1,0
G0283,3,2021-07-01,7364188,1,0
G0283,4,2021-09-01,2006932,1,0
G0284,1,2021-01-01,42788978,1,0
G0284,2,2021-06-01,6905834,1,0
G0284,3,2021-11-01,6193450,1,0
G0284,4,2022-04-01,10128558,1,0
G0284,5,2022-09-01,6523180,1,0
G0285,1,2024-09-01,20509982,1,0
G0285,2,2025-01-01,4262794,1,0
G0285,3,2025-05-01,13247224,1,0
G0286,1,2022-03-01,41758301,1,0
G0286,2,2022-05-01,7012587,1,0
G0286,3,2022-07-01,26653182,1,0
G0286,4,2022-09-01,235930,1,0
G0287,1,2021-01-01,18184957,1,0
G0287,2,2021-12-01,12095043,1,0
G0288,1,2022-01-01,50817573,0,15
G0288,2,2022-08-01,22772427,1,0
G0289,1,2023-12-01,44927754,1,0
G0289,2,2024-04-01,8972246,1,0
G0290,1,2021-06-01,2170040,1,0
G0290,2,2022-02-01,50738671,1,0
G0290,3,2022-10-01,7811289,1,0
G0291,1,2022-01-01,27606827,1,0
G0291,2,2022-06-01,3001213,1,0
G0291,3,2022-11-01,29181761,1,0
G0291,4,2023-04-01,8812698,1,0
G0291,5,2023-09-01,777502,1,0
G0292,1,2021-07-01,11930955,1,0
G0292,2,2021-10-01,36673456,0,10
G0292,3,2022-01-01,11015589,1,0
G0293,1,2021-08-01,16343659,1,0
G0293,2,2021-11-01,6187729,1,0
G0293,3,2022-02-01,15548612,1,0
G0294,1,2022-02-01,3929425,1,0
G0294,2,2022-11-01,11120575,0,11
G0295,1,2024-07-01,7944752,1,0
G0295,2,2024-11-01,12217827,1,0
G0295,3,2025-03-01,3781201,1,0
G0295,4,2025-07-01,624965,1,0
G0295,5,2025-11-01,2880079,1,0
G0295,6,2026-03-01,7521176,1,0
G0296,1,2023-03-01,27113952,1,0
G0296,2,2023-09-01,46416048,1,0
G0297,1,2024-04-01,2442975,1,0
G0297,2,2024-09-01,65957025,1,0
G0298,1,2024-10-01,31356635,1,0
G0298,2,2025-03-01,33227570,1,0
G0298,3,2025-08-01,28299036,1,0
G0298,4,2026-01-01,846758,0,5
G0299,1,2022-08-01,7351255,1,0
G0299,2,2023-03-01,44048745,0,2
G0300,1,2023-10-01,17202328,0,14
G0300,2,2023-12-01,61877106,0,7
G0300,3,2024-02-01,7669457,1,0
G0300,4,2024-04-01,20251109,0,3
G0301,1,2024-03-01,67801774,1,0
G0301,2,2024-06-01,7834389,1,0
G0301,3,2024-09-01,11063837,1,0
G0302,1,2024-12-01,6685077,1,0
G0302,2,2025-04-01,23065456,0,12
G0302,3,2025-08-01,7129467,1,0
G0303,1,2021-04-01,7393975,1,0
G0303,2,2021-12-01,30355844,1,0
G0303,3,2022-08-01,12750182,1,0
G0304,1,2022-11-01,10292436,1,0
G0304,2,2023-04-01,9775307,0,13
G0304,3,2023-09-01,3264111,1,0
G0304,4,2024-02-01,3068147,1,0
G0305,1,2023-04-01,13719373,1,0
G0305,2,2023-10-01,4552022,1,0
G0305,3,2024-04-01,847718,1,0
G0305,4,2024-10-01,13350887,1,0
G0306,1,2022-10-01,16414494,1,0
G0306,2,2023-03-01,16282076,0,13
G0306,3,2023-08-01,30404165,0,20
G0306,4,2024-01-01,2169265,0,13
G0307,1,2022-12-01,8127158,1,0
G0307,2,2023-05-01,11221251,0,6
G0307,3,2023-10-01,22147527,1,0
G0307,4,2024-03-01,14314064,1,0
G0308,1,2022-12-01,42855153,1,0
G0308,2,2023-07-01,27033361,1,0
G0308,3,2024-02-01,5101486,1,0
G0309,1,2023-09-01,17537503,1,0
G0309,2,2024-10-01,17012497,1,0
G0310,1,2022-11-01,22626684,1,0
G0310,2,2023-01-01,2174051,1,0
G0310,3,2023-03-01,46279266,0,9
G0311,1,2023-10-01,40232970,1,0
G0311,2,2024-07-01,14767030,1,0
G0312,1,2022-12-01,27457954,1,0
G0312,2,2023-10-01,7302046,0,11
G0313,1,2023-06-01,28278682,1,0
G0313,2,2023-12-01,30294582,1,0
G0313,3,2024-06-01,39916736,1,0
G0314,1,2022-09-01,14258565,1,0
G0314,2,2023-06-01,10815743,1,0
G0314,3,2024-03-01,14605692,1,0
G0315,1,2021-04-01,15156365,1,0
G0315,2,2021-08-01,16306119,1,0
G0315,3,2021-12-01,22250553,1,0
G0315,4,2022-04-01,8699152,1,0
G0315,5,2022-08-01,1317811,1,0
G0316,1,2022-05-01,20185109,1,0
G0316,2,2023-06-01,16564891,1,0
G0317,1,2022-10-01,1280697,1,0
G0317,2,2023-09-01,22759303,1,0
G0318,1,2024-01-01,6867595,1,0
G0318,2,2024-03-01,16717577,1,0
G0318,3,2024-05-01,3349351,1,0
G0318,4,2024-07-01,28165477,1,0
G0319,1,2023-03-01,28185083,0,21
G0319,2,2023-09-01,9373505,0,12
G0319,3,2024-03-01,9901412,1,0
G0320,1,2024-05-01,68580072,1,0
G0320,2,2024-09-01,1284683,1,0
G0320,3,2025-01-01,45785632,1,0
G0320,4,2025-05-01,70829613,1,0
G0321,1,2021-11-01,9821059,1,0
G0321,2,2022-02-01,15502524,1,0
G0321,3,2022-05-01,4276417,1,0
G0322,1,2021-01-01,12725251,1,0
G0322,2,2021-09-01,15484016,1,0
G0322,3,2022-05-01,36180733,0,8
G0323,1,2021-05-01,4975534,0,10
G0323,2,2021-11-01,5503708,1,0
G0323,3,2022-05-01,11770908,1,0
G0323,4,2022-11-01,3139850,1,0
G0324,1,2024-12-01,23066025,1,0
G0324,2,2025-05-01,14471263,1,0
G0324,3,2025-10-01,16332712,0,6
G0325,1,2024-04-01,8299054,1,0
G0325,2,2024-08-01,7769143,1,0
G0325,3,2024-12-01,9756335,0,14
G0325,4,2025-04-01,6311207,0,10
G0325,5,2025-08-01,2777120,1,0
G0325,6,2025-12-01,1137141,1,0
G0326,1,2024-01-01,9262282,1,0
G0326,2,2024-03-01,36715518,1,0
G0326,3,2024-05-01,10030472,1,0
G0326,4,2024-07-01,7111728,1,0
G0327,1,2023-02-01,23108437,1,0
G0327,2,2023-04-01,21211351,1,0
G0327,3,2023-06-01,4502149,1,0
G0327,4,2023-08-01,13917964,1,0
G0327,5,2023-10-01,23550099,1,0
G0328,1,2021-01-01,9483397,1,0
G0328,2,2021-03-01,7845862,1,0
G0328,3,2021-05-01,5506034,1,0
G0328,4,2021-07-01,11986678,1,0
G0328,5,2021-09-01,18828029,1,0
G0329,1,2023-01-01,85693700,1,0
G0329,2,2023-05-01,50812123,1,0
G0329,3,2023-09-01,42416448,1,0
G0329,4,2024-01-01,13987729,1,0
G0330,1,2022-05-01,15657953,1,0
G0330,2,2022-07-01,54183624,0,10
G0330,3,2022-09-01,12390323,1,0
G0330,4,2022-11-01,1148100,0,11
G0331,1,2024-02-01,17941020,1,0
G0331,2,2024-06-01,13564472,1,0
G0331,3,2024-10-01,4874508,1,0
G0332,1,2023-10-01,40438551,1,0
G0332,2,2024-06-01,26511449,1,0
G0333,1,2022-02-01,16894636,1,0
G0333,2,2022-03-01,28120641,1,0
G0333,3,2022-04-01,15241826,1,0
G0333,4,2022-05-01,30397262,1,0
G0333,5,2022-06-01,13155635,1,0
G0334,1,2023-07-01,7941789,1,0
G0334,2,2024-04-01,22104818,0,9
G0334,3,2025-01-01,17123392,1,0
G0335,1,2023-09-01,29811100,0,12
G0335,2,2024-03-01,3164411,1,0
G0335,3,2024-09-01,7474489,1,0
G0336,1,2024-02-01,2263436,1,0
G0336,2,2024-10-01,12802402,1,0
G0336,3,2025-06-01,6634162,1,0
G0337,1,2023-07-01,44281375,1,0
G0337,2,2024-04-01,14688625,1,0
G0338,1,2024-04-01,5392607,1,0
G0338,2,2024-11-01,5323633,1,0
G0338,3,2025-06-01,9033760,1,0
G0339,1,2024-02-01,13390620,1,0
G0339,2,2024-04-01,37071243,1,0
G0339,3,2024-06-01,59558137,1,0
G0340,1,2022-11-01,11255944,1,0
G0340,2,2023-02-01,6846341,1,0
G0340,3,2023-05-01,11207715,1,0
G0341,1,2024-06-01,21209897,0,16
G0341,2,2025-01-01,21860103,1,0
G0342,1,2024-09-01,5764059,1,0
G0342,2,2025-02-01,4990270,1,0
G0342,3,2025-07-01,4375671,1,0
G0343,1,2023-04-01,11599719,1,0
G0343,2,2024-03-01,30930281,1,0
G0344,1,2021-01-01,11585035,1,0
G0344,2,2021-07-01,54605675,1,0
G0344,3,2022-01-01,10412921,1,0
G0344,4,2022-07-01,3286370,1,0
G0345,1,2024-07-01,330697,1,0
G0345,2,2025-01-01,35131161,1,0
G0345,3,2025-07-01,23248142,1,0
G0346,1,2022-08-01,3859640,0,8
G0346,2,2022-10-01,13733421,0,2
G0346,3,2022-12-01,14033942,1,0
G0346,4,2023-02-01,3490965,1,0
G0346,5,2023-04-01,9792031,1,0
G0347,1,2024-10-01,24310814,1,0
G0347,2,2025-05-01,27501024,1,0
G0347,3,2025-12-01,16868162,1,0
G0348,1,2023-03-01,19582829,1,0
G0348,2,2023-04-01,18335078,0,14
G0348,3,2023-05-01,28189351,0,6
G0348,4,2023-06-01,3926178,0,7
G0348,5,2023-07-01,18406564,1,0
G0349,1,2022-07-01,5185693,1,0
G0349,2,2022-12-01,476983,1,0
G0349,3,2023-05-01,1588296,1,0
G0349,4,2023-10-01,7329027,0,4
G0350,1,2021-08-01,26382084,1,0
G0350,2,2022-01-01,21376318,1,0
G0350,3,2022-06-01,3171598,1,0
G0351,1,2023-03-01,15465816,1,0
G0351,2,2023-12-01,5034184,1,0
G0352,1,2024-01-01,18781993,1,0
G0352,2,2024-06-01,5256691,1,0
G0352,3,2024-11-01,7111316,0,17
G0353,1,2023-12-01,3706389,1,0
G0353,2,2024-05-01,38972944,1,0
G0353,3,2024-10-01,26960668,0,9
G0354,1,2022-05-01,35036656,1,0
G0354,2,2022-07-01,29644119,0,2
G0354,3,2022-09-01,3107057,0,19
G0354,4,2022-11-01,4333211,0,9
G0354,5,2023-01-01,10098958,1,0
G0355,1,2023-03-01,64026640,1,0
G0355,2,2023-07-01,10273360,1,0
G0356,1,2024-01-01,19803838,1,0
G0356,2,2024-06-01,47869617,0,17
G0356,3,2024-11-01,795809,0,7
G0356,4,2025-04-01,10936896,1,0
G0356,5,2025-09-01,3353841,0,23
G0357,1,2021-10-01,34769030,1,0
G0357,2,2022-06-01,11430970,1,0
G0358,1,2023-04-01,33078275,1,0
G0358,2,2023-08-01,10482458,1,0
G0358,3,2023-12-01,17759267,1,0
G0359,1,2023-03-01,73888480,1,0
G0359,2,2023-11-01,17251520,1,0
G0360,1,2021-11-01,29606974,1,0
G0360,2,2022-05-01,4030557,0,29
G0360,3,2022-11-01,4012468,1,0
G0361,1,2022-06-01,15966611,1,0
G0361,2,2023-01-01,4674527,1,0
G0361,3,2023-08-01,3858862,0,14
G0362,1,2021-08-01,35545413,0,20
G0362,2,2022-01-01,17914587,1,0
G0363,1,2021-10-01,8363139,1,0
G0363,2,2022-03-01,3783734,1,0
G0363,3,2022-08-01,8598866,0,15
G0363,4,2023-01-01,7024260,1,0
G0364,1,2022-11-01,16068542,1,0
G0364,2,2023-05-01,6287058,1,0
G0364,3,2023-11-01,10224400,0,20
G0365,1,2023-05-01,24763453,1,0
G0365,2,2024-05-01,15096547,0,13
G0366,1,2021-11-01,23473305,1,0
G0366,2,2022-10-01,27166695,1,0
G0367,1,2022-08-01,13156355,1,0
G0367,2,2023-05-01,4454660,1,0
G0367,3,2024-02-01,4398984,1,0
G0368,1,2024-10-01,6246410,1,0
G0368,2,2025-01-01,12737096,1,0
G0368,3,2025-04-01,8544763,0,2
G0368,4,2025-07-01,4728581,1,0
G0368,5,2025-10-01,12493149,0,11
G0369,1,2023-05-01,22806509,1,0
G0369,2,2024-06-01,7903491,1,0
G0370,1,2024-01-01,40409933,1,0
G0370,2,2024-05-01,14897944,1,0
G0370,3,2024-09-01,2427757,0,19
G0370,4,2025-01-01,11894366,1,0
G0371,1,2023-08-01,43902083,0,6
G0371,2,2024-07-01,6817917,1,0
G0372,1,2024-10-01,10720495,1,0
G0372,2,2025-04-01,106962984,1,0
G0372,3,2025-10-01,1086521,0,8
G0373,1,2021-12-01,21578092,0,10
G0373,2,2022-02-01,4887772,1,0
G0373,3,2022-04-01,13370564,1,0
G0373,4,2022-06-01,26313899,1,0
G0373,5,2022-08-01,7729674,1,0
G0374,1,2024-07-01,107708629,1,0
G0374,2,2025-01-01,33291371,1,0
G0375,1,2022-05-01,25839818,0,10
G0375,2,2022-11-01,17938008,1,0
G0375,3,2023-05-01,16712710,1,0
G0375,4,2023-11-01,13799464,1,0
G0376,1,2023-10-01,14387046,0,8
G0376,2,2024-02-01,12895278,1,0
G0376,3,2024-06-01,13365967,0,6
G0376,4,2024-10-01,28907606,1,0
G0376,5,2025-02-01,9724103,1,0
G0377,1,2023-03-01,4240429,1,0
G0377,2,2023-07-01,19917367,0,11
G0377,3,2023-11-01,5486521,1,0
G0377,4,2024-03-01,8515567,0,9
G0377,5,2024-07-01,9050117,1,0
G0378,1,2024-07-01,32095274,0,11
G0378,2,2025-02-01,2248256,1,0
G0378,3,2025-09-01,12936469,1,0
G0379,1,2022-04-01,36987936,0,15
G0379,2,2022-10-01,22294958,1,0
G0379,3,2023-04-01,14504162,1,0
G0379,4,2023-10-01,5142944,1,0
G0380,1,2023-06-01,17674141,1,0
G0380,2,2023-12-01,16245859,1,0
G0381,1,2021-06-01,66986396,1,0
G0381,2,2021-11-01,8053604,1,0
G0382,1,2022-03-01,68031762,1,0
G0382,2,2022-07-01,8838238,1,0
G0383,1,2021-05-01,4658106,0,6
G0383,2,2021-07-01,57009994,1,0
G0383,3,2021-09-01,31941900,0,12
G0384,1,2023-10-01,27383793,1,0
G0384,2,2024-03-01,7706207,1,0
G0385,1,2024-12-01,15472094,1,0
G0385,2,2025-04-01,18113813,1,0
G0385,3,2025-08-01,18104093,1,0
G0386,1,2021-08-01,6939041,1,0
G0386,2,2022-05-01,5240568,1,0
G0386,3,2023-02-01,5400391,0,9
G0387,1,2023-08-01,9149740,1,0
G0387,2,2023-12-01,23809539,0,4
G0387,3,2024-04-01,28750721,1,0
G0388,1,2024-12-01,9083321,1,0
G0388,2,2025-08-01,11866679,1,0
G0389,1,2021-07-01,9868962,1,0
G0389,2,2022-03-01,8928107,0,11
G0389,3,2022-11-01,10282930,1,0
G0390,1,2022-02-01,12667086,1,0
G0390,2,2022-04-01,1671738,1,0
G0390,3,2022-06-01,6437064,1,0
G0390,4,2022-08-01,13798780,0,3
G0390,5,2022-10-01,2765332,1,0
G0391,1,2022-01-01,15391881,1,0
G0391,2,2022-07-01,45668119,1,0
G0392,1,2022-10-01,12490468,1,0
G0392,2,2023-05-01,10164159,1,0
G0392,3,2023-12-01,9365373,1,0
G0393,1,2024-06-01,11421830,1,0
G0393,2,2025-02-01,13946030,1,0
G0393,3,2025-10-01,23192139,1,0
G0394,1,2023-11-01,3375144,1,0
G0394,2,2024-01-01,2486524,0,7
G0394,3,2024-03-01,8444801,1,0
G0394,4,2024-05-01,1963531,1,0
G0395,1,2023-03-01,29695059,0,13
G0395,2,2024-03-01,59804941,1,0
G0396,1,2022-04-01,66019978,1,0
G0396,2,2022-09-01,13580022,1,0
G0397,1,2022-04-01,27106211,0,9
G0397,2,2022-10-01,76753663,1,0
G0397,3,2023-04-01,4920126,0,2
G0398,1,2021-12-01,18925155,1,0
G0398,2,2022-04-01,7703534,1,0
G0398,3,2022-08-01,35571311,1,0
G0399,1,2022-09-01,8285044,1,0
G0399,2,2023-10-01,45724956,1,0
G0400,1,2021-10-01,12343792,1,0
G0400,2,2022-02-01,14443245,1,0
G0400,3,2022-06-01,22042963,1,0
G0401,1,2023-02-01,10088970,1,0
G0401,2,2023-08-01,11601030,1,0
G0402,1,2021-11-01,24631962,0,16
G0402,2,2022-08-01,20038038,1,0
G0403,1,2022-08-01,55148050,1,0
G0403,2,2023-02-01,48001950,0,11
G0404,1,2024-01-01,4809644,1,0
G0404,2,2024-07-01,99541050,1,0
G0404,3,2025-01-01,1859306,1,0
G0405,1,2021-04-01,22150844,1,0
G0405,2,2021-08-01,19463913,1,0
G0405,3,2021-12-01,4865856,1,0
G0405,4,2022-04-01,24855459,1,0
G0405,5,2022-08-01,6353928,1,0
G0406,1,2024-11-01,13321543,1,0
G0406,2,2025-03-01,16127727,1,0
G0406,3,2025-07-01,4356668,0,16
G0406,4,2025-11-01,6787290,1,0
G0406,5,2026-03-01,2896772,1,0
G0407,1,2022-12-01,10301865,1,0
G0407,2,2023-05-01,15002540,1,0
G0407,3,2023-10-01,3015595,1,0
G0408,1,2021-09-01,7622077,1,0
G0408,2,2022-01-01,9026393,1,0
G0408,3,2022-05-01,17505893,1,0
G0408,4,2022-09-01,935637,1,0
G0409,1,2023-06-01,3970585,1,0
G0409,2,2023-09-01,14533855,1,0
G0409,3,2023-12-01,3114244,1,0
G0409,4,2024-03-01,731317,1,0
G0410,1,2021-02-01,4558504,1,0
G0410,2,2021-04-01,4885390,1,0
G0410,3,2021-06-01,5034892,0,9
G0410,4,2021-08-01,2851848,1,0
G0410,5,2021-10-01,789365,1,0
G0411,1,2022-08-01,62418842,1,0
G0411,2,2023-03-01,12011158,1,0
G0412,1,2021-11-01,52270308,1,0
G0412,2,2022-05-01,47724395,1,0
G0412,3,2022-11-01,1715296,1,0
G0413,1,2024-05-01,946916,1,0
G0413,2,2024-07-01,9230524,1,0
G0413,3,2024-09-01,3461371,1,0
G0413,4,2024-11-01,1461188,1,0
G0414,1,2023-09-01,13794121,1,0
G0414,2,2024-04-01,53702931,1,0
G0414,3,2024-11-01,21332948,1,0
G0415,1,2022-11-01,16938469,1,0
G0415,2,2023-01-01,17961297,1,0
G0415,3,2023-03-01,5791168,1,0
G0415,4,2023-05-01,28219065,1,0
G0416,1,2022-02-01,65175874,0,16
G0416,2,2022-10-01,59290543,1,0
G0416,3,2023-06-01,9033582,1,0
G0417,1,2021-03-01,7973554,1,0
G0417,2,2022-01-01,7346446,1,0
G0418,1,2022-07-01,19771988,1,0
G0418,2,2023-04-01,29248012,1,0
G0419,1,2023-05-01,55271678,1,0
G0419,2,2024-03-01,30048322,0,15
G0420,1,2024-06-01,91469056,1,0
G0420,2,2024-12-01,36570944,1,0
G0421,1,2021-08-01,14332623,1,0
G0421,2,2021-11-01,19450541,1,0
G0421,3,2022-02-01,1226836,0,4
G0422,1,2024-08-01,20719405,1,0
G0422,2,2024-10-01,9057453,1,0
G0422,3,2024-12-01,14551153,1,0
G0422,4,2025-02-01,7100920,0,12
G0422,5,2025-04-01,601069,1,0
G0423,1,2022-06-01,36656552,1,0
G0423,2,2022-09-01,22979138,1,0
G0423,3,2022-12-01,14285929,1,0
G0423,4,2023-03-01,5158381,1,0
G0424,1,2024-04-01,13868612,1,0
G0424,2,2024-09-01,31050510,1,0
G0424,3,2025-02-01,1590878,1,0
G0425,1,2022-08-01,4788661,0,19
G0425,2,2023-02-01,29413115,0,6
G0425,3,2023-08-01,20329354,1,0
G0425,4,2024-02-01,3918870,1,0
G0426,1,2022-10-01,29030918,0,2
G0426,2,2023-04-01,11269082,1,0
G0427,1,2021-04-01,34174249,1,0
G0427,2,2022-03-01,9925751,1,0
G0428,1,2021-10-01,38330354,1,0
G0428,2,2022-04-01,6542155,1,0
G0428,3,2022-10-01,3657491,1,0
G0429,1,2021-10-01,26157639,1,0
G0429,2,2022-03-01,18188849,1,0
G0429,3,2022-08-01,25133513,1,0
G0430,1,2022-06-01,40322132,1,0
G0430,2,2023-01-01,40577510,1,0
G0430,3,2023-08-01,28410358,1,0
G0431,1,2024-10-01,23719674,1,0
G0431,2,2025-06-01,38300326,1,0
G0432,1,2021-06-01,9419948,1,0
G0432,2,2021-09-01,22161384,1,0
G0432,3,2021-12-01,22288668,0,14
G0433,1,2024-03-01,94554249,1,0
G0433,2,2025-03-01,2595751,0,17
G0434,1,2023-09-01,7035625,1,0
G0434,2,2023-12-01,6029810,1,0
G0434,3,2024-03-01,8853990,0,12
G0434,4,2024-06-01,8108849,1,0
G0434,5,2024-09-01,6961909,1,0
G0434,6,2024-12-01,4359817,1,0
G0435,1,2022-06-01,19307570,1,0
G0435,2,2022-11-01,21083436,0,14
G0435,3,2023-04-01,16998686,1,0
G0435,4,2023-09-01,76160309,1,0
G0436,1,2021-10-01,17154409,1,0
G0436,2,2022-01-01,10668164,1,0
G0436,3,2022-04-01,48924181,1,0
G0436,4,2022-07-01,4453246,1,0
G0437,1,2024-02-01,11005175,1,0
G0437,2,2024-08-01,18554825,1,0
G0438,1,2023-11-01,14352466,1,0
G0438,2,2024-04-01,49674127,0,26
G0438,3,2024-09-01,14403407,1,0
G0439,1,2021-12-01,8174317,1,0
G0439,2,2022-04-01,38835683,1,0
G0440,1,2022-03-01,21868390,1,0
G0440,2,2022-07-01,34794334,1,0
G0440,3,2022-11-01,5287276,1,0
G0441,1,2022-02-01,13093123,1,0
G0441,2,2022-05-01,28433582,1,0
G0441,3,2022-08-01,2393296,1,0
G0442,1,2023-06-01,3716896,1,0
G0442,2,2023-08-01,20659270,1,0
G0442,3,2023-10-01,4457312,0,9
G0442,4,2023-12-01,14676523,1,0
G0443,1,2023-09-01,12261791,1,0
G0443,2,2024-08-01,61698209,1,0
G0444,1,2021-08-01,10033566,1,0
G0444,2,2021-11-01,17786434,1,0
G0444,3,2022-02-01,30550000,1,0
G0445,1,2022-10-01,22020504,1,0
G0445,2,2023-02-01,38022662,1,0
G0445,3,2023-06-01,7296834,1,0
G0446,1,2024-11-01,17814888,0,13
G0446,2,2025-02-01,58346429,1,0
G0446,3,2025-05-01,8098683,1,0
G0447,1,2023-05-01,12894468,1,0
G0447,2,2023-07-01,1656043,1,0
G0447,3,2023-09-01,6340919,1,0
G0447,4,2023-11-01,7068570,1,0
G0448,1,2023-11-01,7508286,1,0
G0448,2,2024-08-01,8254121,1,0
G0448,3,2025-05-01,29507592,1,0
G0449,1,2024-12-01,10317463,1,0
G0449,2,2025-04-01,22134851,0,6
G0449,3,2025-08-01,53074149,1,0
G0449,4,2025-12-01,5243537,1,0
G0450,1,2023-09-01,16013625,1,0
G0450,2,2024-01-01,8525562,1,0
G0450,3,2024-05-01,29750813,1,0
G0451,1,2021-12-01,74206490,1,0
G0451,2,2022-10-01,16653510,1,0
G0452,1,2022-05-01,4615184,1,0
G0452,2,2022-07-01,24412378,1,0
G0452,3,2022-09-01,20216262,1,0
G0452,4,2022-11-01,736176,0,19
G0453,1,2021-11-01,11695276,1,0
G0453,2,2022-02-01,4435274,1,0
G0453,3,2022-05-01,7549450,1,0
G0454,1,2023-08-01,4268545,1,0
G0454,2,2024-02-01,45111385,0,2
G0454,3,2024-08-01,19007393,1,0
G0454,4,2025-02-01,1942677,1,0
G0455,1,2024-04-01,11047367,1,0
G0455,2,2024-08-01,7639319,1,0
G0455,3,2024-12-01,6913313,1,0
G0456,1,2024-03-01,10261105,1,0
G0456,2,2024-04-01,6795458,1,0
G0456,3,2024-05-01,9452478,1,0
G0456,4,2024-06-01,6932165,1,0
G0456,5,2024-07-01,6248794,1,0
G0457,1,2024-04-01,4916963,1,0
G0457,2,2024-10-01,48755731,1,0
G0457,3,2025-04-01,29477306,1,0
G0458,1,2021-07-01,23519937,1,0
G0458,2,2022-04-01,21158230,1,0
G0458,3,2023-01-01,7541833,1,0
G0459,1,2024-08-01,14854890,1,0
G0459,2,2025-07-01,16265110,1,0
G0460,1,2022-03-01,172530350,0,12
G0460,2,2022-09-01,23047453,1,0
G0460,3,2023-03-01,31752197,0,12
G0461,1,2024-11-01,38408896,0,8
G0461,2,2025-04-01,3082633,0,15
G0461,3,2025-09-01,21597661,0,6
G0461,4,2026-02-01,6300809,1,0
G0462,1,2023-08-01,22399394,1,0
G0462,2,2024-01-01,9540606,1,0
G0463,1,2024-09-01,23514535,1,0
G0463,2,2025-07-01,35055465,1,0
G0464,1,2022-06-01,30872064,1,0
G0464,2,2022-09-01,69441624,1,0
G0464,3,2022-12-01,48430451,1,0
G0464,4,2023-03-01,10975861,1,0
G0465,1,2021-01-01,16960604,1,0
G0465,2,2021-05-01,18727643,1,0
G0465,3,2021-09-01,7414580,1,0
G0465,4,2022-01-01,11567173,0,9
G0466,1,2023-01-01,23469206,1,0
G0466,2,2023-04-01,912491,1,0
G0466,3,2023-07-01,5458302,0,12
G0467,1,2022-10-01,23200165,1,0
G0467,2,2023-05-01,34774016,1,0
G0467,3,2023-12-01,8915818,1,0
G0468,1,2022-11-01,15014714,1,0
G0468,2,2023-04-01,12760627,1,0
G0468,3,2023-09-01,6592671,1,0
G0468,4,2024-02-01,10694707,0,13
G0468,5,2024-07-01,1707280,1,0
G0469,1,2023-10-01,54282943,1,0
G0469,2,2024-09-01,13977057,0,4
G0470,1,2023-10-01,18301648,1,0
G0470,2,2024-03-01,20881831,1,0
G0470,3,2024-08-01,10869549,1,0
G0470,4,2025-01-01,5986972,0,16
G0471,1,2022-07-01,2796025,1,0
G0471,2,2022-10-01,17203462,1,0
G0471,3,2023-01-01,9128200,1,0
G0471,4,2023-04-01,4442313,1,0
G0472,1,2022-07-01,27950166,1,0
G0472,2,2022-11-01,23982709,1,0
G0472,3,2023-03-01,52277125,1,0
G0473,1,2024-03-01,11260381,0,5
G0473,2,2024-12-01,28545473,0,9
G0473,3,2025-09-01,4374147,0,11
G0474,1,2024-10-01,74522819,0,10
G0474,2,2025-04-01,29867181,0,12
G0475,1,2023-09-01,41008803,1,0
G0475,2,2024-08-01,13921197,1,0
G0476,1,2023-02-01,22021055,1,0
G0476,2,2023-09-01,12698945,1,0
G0477,1,2024-02-01,29093855,1,0
G0477,2,2024-04-01,5176024,1,0
G0477,3,2024-06-01,8583438,0,21
G0477,4,2024-08-01,4366683,1,0
G0478,1,2021-06-01,11789378,0,6
G0478,2,2021-08-01,5866172,1,0
G0478,3,2021-10-01,12555459,1,0
G0478,4,2021-12-01,6838992,1,0
G0479,1,2023-05-01,13287745,1,0
G0479,2,2023-07-01,7930104,1,0
G0479,3,2023-09-01,22871735,0,4
G0479,4,2023-11-01,36850415,1,0
G0480,1,2022-11-01,44912723,1,0
G0480,2,2023-03-01,3520756,0,14
G0480,3,2023-07-01,3366522,1,0
G0481,1,2024-11-01,43663058,1,0
G0481,2,2025-02-01,11951014,1,0
G0481,3,2025-05-01,12055673,0,20
G0481,4,2025-08-01,9730254,1,0
G0482,1,2024-03-01,7177195,1,0
G0482,2,2025-02-01,9332805,0,12
G0483,1,2021-06-01,35301915,1,0
G0483,2,2022-03-01,35888085,1,0
G0484,1,2021-05-01,29239906,1,0
G0484,2,2021-09-01,2350094,1,0
G0485,1,2021-09-01,12180963,1,0
G0485,2,2022-03-01,5067442,0,9
G0485,3,2022-09-01,15621595,1,0
G0486,1,2024-06-01,73999361,1,0
G0486,2,2024-12-01,24140639,1,0
G0487,1,2022-06-01,18788028,0,24
G0487,2,2023-06-01,47261972,0,17
G0488,1,2024-05-01,18073796,1,0
G0488,2,2024-09-01,57756204,1,0
G0489,1,2024-10-01,20109863,1,0
G0489,2,2025-05-01,4119077,1,0
G0489,3,2025-12-01,2441060,1,0
G0490,1,2024-05-01,969076,0,16
G0490,2,2024-10-01,3208933,1,0
G0490,3,2025-03-01,10972055,1,0
G0490,4,2025-08-01,18559936,0,14
G0491,1,2024-11-01,16936470,1,0
G0491,2,2025-02-01,6792949,1,0
G0491,3,2025-05-01,6900582,1,0
G0492,1,2021-09-01,78109708,1,0
G0492,2,2022-01-01,60097095,1,0
G0492,3,2022-05-01,47673197,1,0
G0493,1,2021-04-01,29393592,1,0
G0493,2,2022-03-01,18536408,0,9
G0494,1,2023-04-01,28981433,1,0
G0494,2,2023-12-01,77950104,0,14
G0494,3,2024-08-01,27868463,0,8
G0495,1,2024-09-01,22064571,1,0
G0495,2,2025-08-01,32495429,1,0
G0496,1,2021-09-01,11253505,1,0
G0496,2,2022-04-01,27826495,1,0
G0497,1,2023-06-01,7263378,0,2
G0497,2,2023-10-01,2063013,0,17
G0497,3,2024-02-01,31280633,0,16
G0497,4,2024-06-01,29052976,1,0
G0498,1,2023-06-01,25169724,1,0
G0498,2,2023-08-01,21295037,1,0
G0498,3,2023-10-01,19744556,1,0
G0498,4,2023-12-01,33247047,0,16
G0498,5,2024-02-01,13513637,1,0
G0499,1,2021-01-01,5334370,1,0
G0499,2,2021-04-01,4691296,1,0
G0499,3,2021-07-01,8214334,1,0
G0500,1,2021-11-01,21691530,0,12
G0500,2,2022-07-01,19338908,0,7
G0500,3,2023-03-01,3889562,1,0
G0501,1,2023-01-01,2879444,1,0
G0501,2,2023-03-01,45356928,1,0
G0501,3,2023-05-01,6695297,1,0
G0501,4,2023-07-01,9438332,1,0
G0502,1,2023-06-01,17465420,1,0
G0502,2,2024-07-01,9794580,1,0
G0503,1,2023-05-01,27815800,0,9
G0503,2,2023-10-01,6747166,1,0
G0503,3,2024-03-01,26357034,0,11
G0504,1,2024-06-01,23267134,1,0
G0504,2,2024-11-01,3944414,1,0
G0504,3,2025-04-01,44068453,1,0
G0505,1,2023-10-01,15684432,1,0
G0505,2,2023-12-01,24639797,1,0
G0505,3,2024-02-01,9636467,1,0
G0505,4,2024-04-01,5979304,1,0
G0506,1,2023-07-01,3316423,1,0
G0506,2,2023-11-01,3248578,1,0
G0506,3,2024-03-01,7594999,1,0
G0507,1,2022-07-01,17784775,1,0
G0507,2,2022-11-01,33987095,0,16
G0507,3,2023-03-01,25108130,0,15
G0508,1,2021-01-01,24466252,0,12
G0508,2,2021-07-01,10872874,1,0
G0508,3,2022-01-01,5626849,1,0
G0508,4,2022-07-01,24694024,1,0
G0509,1,2023-09-01,16944370,1,0
G0509,2,2023-12-01,39241307,1,0
G0509,3,2024-03-01,14674323,1,0
G0510,1,2024-05-01,7897045,1,0
G0510,2,2024-12-01,10447924,1,0
G0510,3,2025-07-01,36135031,1,0
G0511,1,2022-06-01,31832145,1,0
G0511,2,2022-08-01,25955353,1,0
G0511,3,2022-10-01,5471848,1,0
G0511,4,2022-12-01,13800654,1,0
G0512,1,2023-05-01,2990041,1,0
G0512,2,2024-04-01,25299959,0,9
G0513,1,2021-09-01,16128181,1,0
G0513,2,2021-12-01,12323783,1,0
G0513,3,2022-03-01,22147644,1,0
G0513,4,2022-06-01,4580393,1,0
G0514,1,2022-08-01,16983719,1,0
G0514,2,2023-04-01,67566427,1,0
G0514,3,2023-12-01,4789854,1,0
G0515,1,2023-04-01,5445449,1,0
G0515,2,2023-08-01,10053082,1,0
G0515,3,2023-12-01,19819780,0,6
G0515,4,2024-04-01,7971689,1,0
G0516,1,2021-08-01,13487268,1,0
G0516,2,2021-11-01,24663488,1,0
G0516,3,2022-02-01,809244,1,0
G0517,1,2021-05-01,2271191,1,0
G0517,2,2022-01-01,4952032,1,0
G0517,3,2022-09-01,38766777,1,0
G0518,1,2021-06-01,44282884,0,12
G0518,2,2022-05-01,15847116,1,0
G0519,1,2021-12-01,16350498,1,0
G0519,2,2022-06-01,68074918,1,0
G0519,3,2022-12-01,23715438,1,0
G0519,4,2023-06-01,3369146,0,13
G0520,1,2022-11-01,5632751,1,0
G0520,2,2023-01-01,3294335,1,0
G0520,3,2023-03-01,4210636,1,0
G0520,4,2023-05-01,3327727,1,0
G0520,5,2023-07-01,12104552,1,0
G0521,1,2024-11-01,28047764,1,0
G0521,2,2025-05-01,45408646,0,10
G0521,3,2025-11-01,19693590,1,0
G0522,1,2024-10-01,48071878,1,0
G0522,2,2025-02-01,37528249,1,0
G0522,3,2025-06-01,24213792,1,0
G0522,4,2025-10-01,19186080,1,0
G0523,1,2024-06-01,16501967,0,19
G0523,2,2024-07-01,17791876,1,0
G0523,3,2024-08-01,9182066,1,0
G0523,4,2024-09-01,2193789,0,24
G0523,5,2024-10-01,15513784,1,0
G0523,6,2024-11-01,12536519,1,0
G0524,1,2024-12-01,10837399,1,0
G0524,2,2026-01-01,2812601,1,0
G0525,1,2022-11-01,33326367,0,11
G0525,2,2023-01-01,25991165,0,4
G0525,3,2023-03-01,2132468,0,18
G0526,1,2024-08-01,18399341,1,0
G0526,2,2024-10-01,12836410,1,0
G0526,3,2024-12-01,1864250,1,0
G0527,1,2022-08-01,98924872,1,0
G0527,2,2023-09-01,43165128,0,2
G0528,1,2022-10-01,22093920,1,0
G0528,2,2023-07-01,35937736,1,0
G0528,3,2024-04-01,11748345,1,0
G0529,1,2023-10-01,59320866,1,0
G0529,2,2024-09-01,33929134,1,0
G0530,1,2024-01-01,6655630,0,11
G0530,2,2024-08-01,24496770,1,0
G0530,3,2025-03-01,11647600,1,0
G0531,1,2023-09-01,17194461,1,0
G0531,2,2024-08-01,8975539,1,0
G0532,1,2022-11-01,44824114,0,17
G0532,2,2023-05-01,19295886,1,0
G0533,1,2021-02-01,22893324,1,0
G0533,2,2021-06-01,5225045,1,0
G0533,3,2021-10-01,20821631,1,0
G0534,1,2021-12-01,24621697,1,0
G0534,2,2022-04-01,42258303,1,0
G0535,1,2021-01-01,17054513,1,0
G0535,2,2021-04-01,13424150,1,0
G0535,3,2021-07-01,21966267,1,0
G0535,4,2021-10-01,10695070,1,0
G0536,1,2024-05-01,16243407,0,7
G0536,2,2024-12-01,5915406,1,0
G0536,3,2025-07-01,6371186,1,0
G0537,1,2024-05-01,17955862,0,11
G0537,2,2024-10-01,28498297,1,0
G0537,3,2025-03-01,11161549,1,0
G0537,4,2025-08-01,26484292,1,0
G0538,1,2024-10-01,29056664,1,0
G0538,2,2025-03-01,15163336,1,0
G0539,1,2024-08-01,22881639,1,0
G0539,2,2024-11-01,19641862,1,0
G0539,3,2025-02-01,11422768,1,0
G0539,4,2025-05-01,15221739,0,7
G0539,5,2025-08-01,8251992,1,0
G0540,1,2023-08-01,42862525,1,0
G0540,2,2024-04-01,89124617,1,0
G0540,3,2024-12-01,50712858,1,0
G0541,1,2022-01-01,44539433,1,0
G0541,2,2022-07-01,4750567,1,0
G0542,1,2022-02-01,8445174,1,0
G0542,2,2022-08-01,11568512,1,0
G0542,3,2023-02-01,5088858,1,0
G0542,4,2023-08-01,10577455,1,0
G0543,1,2024-07-01,23185014,1,0
G0543,2,2025-03-01,5989748,0,13
G0543,3,2025-11-01,5945238,1,0
G0544,1,2023-08-01,20498048,1,0
G0544,2,2023-12-01,1576955,1,0
G0544,3,2024-04-01,15352614,0,2
G0544,4,2024-08-01,15012383,1,0
G0545,1,2024-11-01,37202506,1,0
G0545,2,2025-06-01,13873008,1,0
G0545,3,2026-01-01,17054486,1,0
G0546,1,2021-09-01,15112968,1,0
G0546,2,2022-05-01,34487032,1,0
G0547,1,2023-06-01,28577449,1,0
G0547,2,2023-12-01,11262306,1,0
G0547,3,2024-06-01,18664735,0,25
G0547,4,2024-12-01,50125510,1,0
G0548,1,2023-04-01,83948320,1,0
G0548,2,2023-11-01,18061680,1,0
G0549,1,2023-06-01,22763043,1,0
G0549,2,2024-01-01,18507996,0,12
G0549,3,2024-08-01,13658962,1,0
G0550,1,2023-06-01,24205712,0,17
G0550,2,2023-10-01,21834705,1,0
G0550,3,2024-02-01,11163143,1,0
G0550,4,2024-06-01,15326440,1,0
G0551,1,2022-01-01,26797861,0,7
G0551,2,2022-12-01,91762139,0,9
G0552,1,2021-03-01,25836230,1,0
G0552,2,2021-07-01,9603773,1,0
G0552,3,2021-11-01,24159997,1,0
G0553,1,2023-02-01,31287099,1,0
G0553,2,2024-03-01,10662901,1,0
G0554,1,2022-07-01,7685116,1,0
G0554,2,2022-11-01,33885327,1,0
G0554,3,2023-03-01,3859556,1,0
G0554,4,2023-07-01,15236444,0,16
G0554,5,2023-11-01,5633558,1,0
G0555,1,2022-10-01,22435031,1,0
G0555,2,2023-09-01,20534969,1,0
G0556,1,2024-06-01,56305590,0,15
G0556,2,2025-04-01,39564410,1,0
G0557,1,2024-07-01,24011102,1,0
G0557,2,2025-08-01,30518898,0,13
G0558,1,2024-12-01,16476362,0,5
G0558,2,2025-08-01,12993372,0,17
G0558,3,2026-04-01,34190267,0,14
G0559,1,2024-06-01,12782026,0,5
G0559,2,2025-05-01,72997974,1,0
G0560,1,2021-09-01,13847004,1,0
G0560,2,2022-03-01,24063917,1,0
G0560,3,2022-09-01,7639079,1,0
G0561,1,2023-05-01,27642641,1,0
G0561,2,2023-10-01,30326121,1,0
G0561,3,2024-03-01,16581239,1,0
G0562,1,2024-01-01,150128328,1,0
G0562,2,2024-03-01,20844384,0,9
G0562,3,2024-05-01,35924484,1,0
G0562,4,2024-07-01,19942804,1,0
G0563,1,2024-03-01,70829311,1,0
G0563,2,2025-03-01,46360689,1,0
G0564,1,2023-10-01,22522128,1,0
G0564,2,2024-07-01,16139328,1,0
G0564,3,2025-04-01,84498544,1,0
G0565,1,2022-11-01,39716753,1,0
G0565,2,2023-08-01,57863247,1,0
G0566,1,2024-09-01,47944486,1,0
G0566,2,2025-02-01,21889476,1,0
G0566,3,2025-07-01,15206038,1,0
G0567,1,2022-01-01,38155104,1,0
G0567,2,2022-06-01,18115268,1,0
G0567,3,2022-11-01,46890369,0,9
G0567,4,2023-04-01,30389258,1,0
G0568,1,2022-08-01,22802353,1,0
G0568,2,2023-04-01,11187647,1,0
G0569,1,2022-02-01,23676401,1,0
G0569,2,2022-05-01,7970617,1,0
G0569,3,2022-08-01,3824348,1,0
G0569,4,2022-11-01,15448533,1,0
G0569,5,2023-02-01,13220102,1,0
G0570,1,2023-09-01,92052164,1,0
G0570,2,2023-12-01,11310132,1,0
G0570,3,2024-03-01,1927704,1,0
G0571,1,2024-02-01,37854482,1,0
G0571,2,2024-06-01,14284168,1,0
G0571,3,2024-10-01,20784504,1,0
G0571,4,2025-02-01,14042550,1,0
G0571,5,2025-06-01,24004296,1,0
G0572,1,2023-10-01,27941603,1,0
G0572,2,2024-02-01,40124113,1,0
G0572,3,2024-06-01,11457315,1,0
G0572,4,2024-10-01,22336969,1,0
G0573,1,2024-07-01,39615055,1,0
G0573,2,2024-12-01,77804945,0,8
G0574,1,2021-04-01,18340783,1,0
G0574,2,2021-07-01,12723456,1,0
G0574,3,2021-10-01,44439106,1,0
G0574,4,2022-01-01,7396655,1,0
G0575,1,2023-01-01,90658699,1,0
G0575,2,2024-02-01,28671301,1,0
G0576,1,2023-12-01,12332904,1,0
G0576,2,2024-05-01,15348854,0,7
G0576,3,2024-10-01,17262388,1,0
G0576,4,2025-03-01,993508,1,0
G0576,5,2025-08-01,28292347,1,0
G0577,1,2023-05-01,63042128,0,10
G0577,2,2023-10-01,31349285,0,22
G0577,3,2024-03-01,28528587,1,0
G0578,1,2023-11-01,6289818,1,0
G0578,2,2024-04-01,19980182,0,16
G0579,1,2023-05-01,4444693,1,0
G0579,2,2023-11-01,29313217,1,0
G0579,3,2024-05-01,52862091,1,0
G0580,1,2023-11-01,4461097,1,0
G0580,2,2024-12-01,26728903,1,0
G0581,1,2022-06-01,5059561,1,0
G0581,2,2022-11-01,53758948,1,0
G0581,3,2023-04-01,16686809,1,0
G0581,4,2023-09-01,10434681,1,0
G0582,1,2021-06-01,34895103,1,0
G0582,2,2022-01-01,20221851,1,0
G0582,3,2022-08-01,36623046,0,5
G0583,1,2021-07-01,51587509,1,0
G0583,2,2022-04-01,78002491,0,15
G0584,1,2021-05-01,59199908,1,0
G0584,2,2021-11-01,63610092,1,0
G0585,1,2023-02-01,41531383,1,0
G0585,2,2023-08-01,35748617,1,0
G0586,1,2022-06-01,20612776,1,0
G0586,2,2023-02-01,10567913,1,0
G0586,3,2023-10-01,26269311,1,0
G0587,1,2024-01-01,14490454,0,13
G0587,2,2024-04-01,10136250,1,0
G0587,3,2024-07-01,11384305,1,0
G0587,4,2024-10-01,5213851,1,0
G0587,5,2025-01-01,5395140,1,0
G0588,1,2024-07-01,70127631,1,0
G0588,2,2025-02-01,9332369,1,0
G0589,1,2022-12-01,8778814,0,13
G0589,2,2023-03-01,5977783,0,25
G0589,3,2023-06-01,9892301,1,0
G0589,4,2023-09-01,9851102,1,0
G0590,1,2023-02-01,14647120,0,5
G0590,2,2023-11-01,47342880,1,0
G0591,1,2023-12-01,16462012,1,0
G0591,2,2024-04-01,37290888,1,0
G0591,3,2024-08-01,4138070,0,17
G0591,4,2024-12-01,3519030,1,0
G0592,1,2021-08-01,21743976,1,0
G0592,2,2022-02-01,9492196,0,7
G0592,3,2022-08-01,3413828,1,0
G0593,1,2021-09-01,6892687,1,0
G0593,2,2022-02-01,81061237,1,0
G0593,3,2022-07-01,39268268,1,0
G0593,4,2022-12-01,65637809,0,4
G0594,1,2023-06-01,19596833,1,0
G0594,2,2023-08-01,9174155,1,0
G0594,3,2023-10-01,24697828,1,0
G0594,4,2023-12-01,3151183,0,9
G0595,1,2022-07-01,20400411,1,0
G0595,2,2022-09-01,8149501,1,0
G0595,3,2022-11-01,13435102,1,0
G0595,4,2023-01-01,33644986,0,4
G0596,1,2023-07-01,3563863,1,0
G0596,2,2023-12-01,11797833,1,0
G0596,3,2024-05-01,4002823,1,0
G0596,4,2024-10-01,35248172,1,0
G0596,5,2025-03-01,6967310,1,0
G0597,1,2023-11-01,57244104,1,0
G0597,2,2024-10-01,13585896,1,0
G0598,1,2021-06-01,3592054,1,0
G0598,2,2021-08-01,2629627,1,0
G0598,3,2021-10-01,21299914,1,0
G0598,4,2021-12-01,898406,1,0
G0599,1,2024-07-01,16013968,0,11
G0599,2,2024-10-01,7306832,1,0
G0599,3,2025-01-01,20719201,1,0
G0600,1,2021-09-01,7075852,0,15
G0600,2,2022-02-01,6529485,1,0
G0600,3,2022-07-01,13296816,1,0
G0600,4,2022-12-01,4157847,0,16
G0601,1,2021-12-01,12864088,1,0
G0601,2,2022-05-01,33545912,1,0
G0602,1,2024-03-01,21556469,1,0
G0602,2,2024-07-01,9238196,1,0
G0602,3,2024-11-01,49945577,1,0
G0602,4,2025-03-01,109758,1,0
G0603,1,2024-06-01,9297922,1,0
G0603,2,2024-07-01,3868674,0,8
G0603,3,2024-08-01,19840566,1,0
G0603,4,2024-09-01,4923008,1,0
G0603,5,2024-10-01,10863744,1,0
G0603,6,2024-11-01,10766085,1,0
G0604,1,2022-04-01,113786936,1,0
G0604,2,2023-05-01,82273064,0,5
G0605,1,2024-06-01,41389463,1,0
G0605,2,2024-09-01,9709135,1,0
G0605,3,2024-12-01,9734910,1,0
G0605,4,2025-03-01,10326493,0,20
G0606,1,2022-10-01,19105434,1,0
G0606,2,2023-04-01,6974566,0,19
G0607,1,2023-01-01,10341146,1,0
G0607,2,2023-06-01,11122998,0,18
G0607,3,2023-11-01,1761786,1,0
G0607,4,2024-04-01,459129,1,0
G0607,5,2024-09-01,2774941,0,6
G0608,1,2023-05-01,17640515,0,5
G0608,2,2023-10-01,19579485,1,0
G0609,1,2023-02-01,33781532,1,0
G0609,2,2023-04-01,13332025,1,0
G0609,3,2023-06-01,44962327,0,12
G0609,4,2023-08-01,7992118,1,0
G0609,5,2023-10-01,1772632,1,0
G0609,6,2023-12-01,7849366,1,0
G0610,1,2024-08-01,8243165,1,0
G0610,2,2024-11-01,28652232,1,0
G0610,3,2025-02-01,4834603,1,0
G0611,1,2022-03-01,8861817,1,0
G0611,2,2022-07-01,6042036,1,0
G0611,3,2022-11-01,11874226,1,0
G0611,4,2023-03-01,2096280,1,0
G0611,5,2023-07-01,915642,0,12
G0612,1,2022-09-01,673397,1,0
G0612,2,2023-05-01,18808035,1,0
G0612,3,2024-01-01,15338568,1,0
G0613,1,2022-02-01,14716866,1,0
G0613,2,2022-04-01,17279025,1,0
G0613,3,2022-06-01,6097669,0,9
G0613,4,2022-08-01,13696440,1,0
G0614,1,2024-06-01,19726860,1,0
G0614,2,2024-12-01,2495548,1,0
G0614,3,2025-06-01,1089075,1,0
G0614,4,2025-12-01,948517,1,0
G0615,1,2022-02-01,20185134,0,11
G0615,2,2022-09-01,7277561,1,0
G0615,3,2023-04-01,12947306,1,0
G0616,1,2024-10-01,81100959,1,0
G0616,2,2025-07-01,44359041,1,0
G0617,1,2021-01-01,8052121,1,0
G0617,2,2021-05-01,82417629,1,0
G0617,3,2021-09-01,4074832,1,0
G0617,4,2022-01-01,12545417,1,0
G0618,1,2021-12-01,11224146,1,0
G0618,2,2022-06-01,22989760,0,10
G0618,3,2022-12-01,20596987,0,16
G0618,4,2023-06-01,14869107,1,0
G0619,1,2024-06-01,51946921,1,0
G0619,2,2024-08-01,4710629,1,0
G0619,3,2024-10-01,21768076,1,0
G0619,4,2024-12-01,15814374,1,0
G0620,1,2024-03-01,24293005,1,0
G0620,2,2025-04-01,13466995,1,0
G0621,1,2021-04-01,7812846,1,0
G0621,2,2022-03-01,6047154,1,0
G0622,1,2022-03-01,10600253,1,0
G0622,2,2022-11-01,9159639,1,0
G0622,3,2023-07-01,5160107,1,0
G0623,1,2022-07-01,17066464,1,0
G0623,2,2022-11-01,15172622,1,0
G0623,3,2023-03-01,37191757,1,0
G0623,4,2023-07-01,25719158,1,0
G0624,1,2022-06-01,15934821,1,0
G0624,2,2022-12-01,25225179,0,17
G0625,1,2023-09-01,43470122,1,0
G0625,2,2024-03-01,4409878,0,17
G0626,1,2024-08-01,12835852,0,7
G0626,2,2024-10-01,18161856,1,0
G0626,3,2024-12-01,6207442,1,0
G0626,4,2025-02-01,16794850,1,0
G0627,1,2023-11-01,24068084,1,0
G0627,2,2024-03-01,8081916,1,0
G0628,1,2022-11-01,101441096,1,0
G0628,2,2023-09-01,44558904,1,0
G0629,1,2022-10-01,13726795,1,0
G0629,2,2023-06-01,8971121,1,0
G0629,3,2024-02-01,1992085,1,0
G0630,1,2023-09-01,71660889,1,0
G0630,2,2024-05-01,6349111,1,0
G0631,1,2024-12-01,3953633,1,0
G0631,2,2025-06-01,6823951,1,0
G0631,3,2025-12-01,2582417,1,0
G0632,1,2021-09-01,39585077,1,0
G0632,2,2022-02-01,26880443,0,20
G0632,3,2022-07-01,21724480,0,19
G0633,1,2023-04-01,108313547,1,0
G0633,2,2023-10-01,36456453,0,8
G0634,1,2021-04-01,64620134,1,0
G0634,2,2022-02-01,20979866,1,0
G0635,1,2024-02-01,46451860,1,0
G0635,2,2025-01-01,18408140,1,0
G0636,1,2021-03-01,29724256,1,0
G0636,2,2021-05-01,47751139,1,0
G0636,3,2021-07-01,27110586,1,0
G0636,4,2021-09-01,7874019,1,0
G0637,1,2024-06-01,4600890,1,0
G0637,2,2024-11-01,3967660,0,20
G0637,3,2025-04-01,8563060,0,12
G0637,4,2025-09-01,14618390,1,0
G0638,1,2022-02-01,22489334,1,0
G0638,2,2022-12-01,14640666,1,0
G0639,1,2024-05-01,24529611,0,8
G0639,2,2024-08-01,8864499,1,0
G0639,3,2024-11-01,22535197,1,0
G0639,4,2025-02-01,17540693,1,0
G0640,1,2022-09-01,20816064,0,16
G0640,2,2023-04-01,33391475,0,10
G0640,3,2023-11-01,13972460,1,0
G0641,1,2024-04-01,31731222,1,0
G0641,2,2024-10-01,37342208,1,0
G0641,3,2025-04-01,66926570,1,0
G0642,1,2024-10-01,26310093,0,12
G0642,2,2025-11-01,59259907,1,0
G0643,1,2022-06-01,38895373,1,0
G0643,2,2023-07-01,9174627,1,0
G0644,1,2021-07-01,9133129,0,12
G0644,2,2021-11-01,1671919,1,0
G0644,3,2022-03-01,4572848,1,0
G0644,4,2022-07-01,15357468,0,14
G0644,5,2022-11-01,824635,0,12
G0645,1,2022-09-01,46745154,0,13
G0645,2,2023-10-01,23664846,0,28
G0646,1,2023-07-01,9782906,1,0
G0646,2,2023-09-01,37878554,1,0
G0646,3,2023-11-01,53080902,0,13
G0646,4,2024-01-01,897638,0,7
G0647,1,2022-02-01,3949254,0,2
G0647,2,2022-05-01,10370471,1,0
G0647,3,2022-08-01,11210296,1,0
G0647,4,2022-11-01,16619978,1,0
G0648,1,2024-09-01,19183557,1,0
G0648,2,2025-02-01,5280216,1,0
G0648,3,2025-07-01,1396227,1,0
G0649,1,2021-01-01,74461347,1,0
G0649,2,2021-11-01,22828653,1,0
G0650,1,2021-01-01,12138976,0,10
G0650,2,2021-08-01,17650574,0,13
G0650,3,2022-03-01,36990450,1,0
G0651,1,2023-10-01,25821588,1,0
G0651,2,2024-05-01,56573500,1,0
G0651,3,2024-12-01,62854912,1,0
G0652,1,2023-02-01,4667362,1,0
G0652,2,2023-05-01,7303068,1,0
G0652,3,2023-08-01,7699570,1,0
G0653,1,2024-09-01,18311129,1,0
G0653,2,2025-02-01,7168500,1,0
G0653,3,2025-07-01,18384963,1,0
G0653,4,2025-12-01,4905408,1,0
G0654,1,2021-09-01,62438730,1,0
G0654,2,2022-01-01,67181270,1,0
G0655,1,2022-06-01,22822850,1,0
G0655,2,2023-07-01,40497150,1,0
G0656,1,2021-02-01,7044926,1,0
G0656,2,2021-04-01,8176132,0,14
G0656,3,2021-06-01,17520827,0,15
G0656,4,2021-08-01,27291046,1,0
G0656,5,2021-10-01,13557069,1,0
G0657,1,2023-05-01,8614423,0,11
G0657,2,2023-10-01,11321629,1,0
G0657,3,2024-03-01,15948362,1,0
G0657,4,2024-08-01,2185586,1,0
G0658,1,2024-07-01,10969961,1,0
G0658,2,2025-07-01,61070039,1,0
G0659,1,2022-09-01,16164755,0,13
G0659,2,2022-12-01,15053104,1,0
G0659,3,2023-03-01,18572141,0,15
G0660,1,2022-09-01,143912040,0,8
G0660,2,2023-06-01,6837960,1,0
G0661,1,2021-05-01,13757260,1,0
G0661,2,2021-11-01,14482070,1,0
G0661,3,2022-05-01,33720670,1,0
G0662,1,2021-05-01,37754790,1,0
G0662,2,2021-10-01,18277575,1,0
G0662,3,2022-03-01,20787635,1,0
G0663,1,2022-07-01,12430847,1,0
G0663,2,2023-05-01,16549153,1,0
G0664,1,2023-11-01,1674478,1,0
G0664,2,2024-05-01,27525610,1,0
G0664,3,2024-11-01,5886331,1,0
G0664,4,2025-05-01,1493581,1,0
G0665,1,2024-08-01,26626374,1,0
G0665,2,2025-01-01,14143626,0,6
G0666,1,2023-12-01,4946814,0,10
G0666,2,2024-07-01,20953186,1,0
G0667,1,2024-11-01,8079225,1,0
G0667,2,2025-12-01,22660775,1,0
G0668,1,2024-12-01,1561623,1,0
G0668,2,2025-04-01,12991803,0,7
G0668,3,2025-08-01,24226574,1,0
G0669,1,2022-06-01,15346622,1,0
G0669,2,2022-11-01,14843639,1,0
G0669,3,2023-04-01,52869738,1,0
G0670,1,2021-01-01,34505034,1,0
G0670,2,2021-06-01,20619049,1,0
G0670,3,2021-11-01,25242048,0,18
G0670,4,2022-04-01,33993869,1,0
G0671,1,2022-06-01,20556968,1,0
G0671,2,2022-12-01,29027241,1,0
G0671,3,2023-06-01,7935791,0,3
G0672,1,2022-09-01,17491771,0,20
G0672,2,2023-06-01,12118229,1,0
G0673,1,2023-01-01,2441627,1,0
G0673,2,2024-01-01,20638373,0,2
G0674,1,2021-03-01,6689663,0,14
G0674,2,2021-08-01,10186858,1,0
G0674,3,2022-01-01,13258953,1,0
G0674,4,2022-06-01,23134527,1,0
G0675,1,2021-10-01,12999726,0,6
G0675,2,2021-12-01,1733605,0,5
G0675,3,2022-02-01,860216,0,11
G0675,4,2022-04-01,9710299,1,0
G0675,5,2022-06-01,1047991,0,5
G0675,6,2022-08-01,6498163,0,8
G0676,1,2024-12-01,14975071,1,0
G0676,2,2025-03-01,40374761,1,0
G0676,3,2025-06-01,40590168,1,0
G0677,1,2021-01-01,16252765,1,0
G0677,2,2021-10-01,8367235,0,15
G0678,1,2024-09-01,27791419,1,0
G0678,2,2025-05-01,22479289,1,0
G0678,3,2026-01-01,2689292,1,0
G0679,1,2023-05-01,15998965,0,5
G0679,2,2024-03-01,28221035,1,0
G0680,1,2021-01-01,31913712,0,7
G0680,2,2021-04-01,11007853,1,0
G0680,3,2021-07-01,5168434,1,0
G0681,1,2022-03-01,23476352,1,0
G0681,2,2022-11-01,20793648,1,0
G0682,1,2023-08-01,6245376,1,0
G0682,2,2023-12-01,21206417,1,0
G0682,3,2024-04-01,3538207,0,17
G0683,1,2022-04-01,82015803,1,0
G0683,2,2022-11-01,14634197,1,0
G0684,1,2022-01-01,24787602,1,0
G0684,2,2023-01-01,15552398,0,2
G0685,1,2021-07-01,3613401,0,11
G0685,2,2021-10-01,79432111,1,0
G0685,3,2022-01-01,7504488,1,0
G0686,1,2022-03-01,18128238,1,0
G0686,2,2022-09-01,18784822,1,0
G0686,3,2023-03-01,6356941,1,0
G0687,1,2021-09-01,4964696,1,0
G0687,2,2022-02-01,6923596,1,0
G0687,3,2022-07-01,9961708,1,0
G0688,1,2021-08-01,17909201,1,0
G0688,2,2021-10-01,6087745,1,0
G0688,3,2021-12-01,7481805,1,0
G0688,4,2022-02-01,8521249,1,0
G0689,1,2024-06-01,30521263,1,0
G0689,2,2024-09-01,37418659,1,0
G0689,3,2024-12-01,13280078,1,0
G0690,1,2021-03-01,71742455,0,19
G0690,2,2021-09-01,25000687,1,0
G0690,3,2022-03-01,12161283,0,19
G0690,4,2022-09-01,9205576,1,0
G0691,1,2024-04-01,27343132,1,0
G0691,2,2024-08-01,12659731,0,15
G0691,3,2024-12-01,18737137,1,0
G0692,1,2022-03-01,26314167,1,0
G0692,2,2022-06-01,51320830,1,0
G0692,3,2022-09-01,28685004,0,4
G0693,1,2023-05-01,21725650,1,0
G0693,2,2023-11-01,6774504,1,0
G0693,3,2024-05-01,9209846,1,0
G0694,1,2021-04-01,18893346,1,0
G0694,2,2021-09-01,2266987,1,0
G0694,3,2022-02-01,2881416,1,0
G0694,4,2022-07-01,2188251,1,0
G0695,1,2021-04-01,8854930,1,0
G0695,2,2021-10-01,12990435,1,0
G0695,3,2022-04-01,3071485,0,12
G0695,4,2022-10-01,19753151,1,0
G0696,1,2023-10-01,8410288,1,0
G0696,2,2024-04-01,772810,0,22
G0696,3,2024-10-01,7639411,1,0
G0696,4,2025-04-01,2287490,1,0
G0697,1,2023-04-01,9811985,1,0
G0697,2,2023-10-01,1161849,0,2
G0697,3,2024-04-01,12182518,1,0
G0697,4,2024-10-01,503647,1,0
G0698,1,2022-03-01,9246205,1,0
G0698,2,2022-06-01,8426490,1,0
G0698,3,2022-09-01,23893196,1,0
G0698,4,2022-12-01,27294109,1,0
G0699,1,2021-03-01,5643236,1,0
G0699,2,2021-08-01,1942828,0,10
G0699,3,2022-01-01,17564967,1,0
G0699,4,2022-06-01,1938969,1,0
G0700,1,2024-08-01,10890122,1,0
G0700,2,2025-03-01,8739189,1,0
G0700,3,2025-10-01,5530688,1,0
G0701,1,2022-11-01,17529585,1,0
G0701,2,2023-03-01,5199305,1,0
G0701,3,2023-07-01,52741110,1,0
G0702,1,2023-06-01,20083661,1,0
G0702,2,2024-04-01,42836339,1,0
G0703,1,2024-02-01,98092628,1,0
G0703,2,2025-01-01,30157372,1,0
G0704,1,2024-10-01,118404031,1,0
G0704,2,2025-06-01,15885969,0,14
G0705,1,2021-09-01,32573180,1,0
G0705,2,2022-04-01,26056820,1,0
G0706,1,2022-08-01,7570488,0,12
G0706,2,2023-01-01,2113831,0,14
G0706,3,2023-06-01,1053472,0,12
G0706,4,2023-11-01,6203387,1,0
G0706,5,2024-04-01,4368822,1,0
G0707,1,2022-08-01,1885851,1,0
G0707,2,2022-11-01,4620646,1,0
G0707,3,2023-02-01,21564431,1,0
G0707,4,2023-05-01,37922170,1,0
G0707,5,2023-08-01,6426901,1,0
G0708,1,2023-09-01,19465449,1,0
G0708,2,2024-05-01,13864551,1,0
G0709,1,2024-04-01,9865281,1,0
G0709,2,2024-06-01,16256520,1,0
G0709,3,2024-08-01,11606137,1,0
G0709,4,2024-10-01,3512061,1,0
G0710,1,2024-11-01,77527456,1,0
G0710,2,2025-02-01,11696503,1,0
G0710,3,2025-05-01,28876041,1,0
G0711,1,2023-07-01,30393154,1,0
G0711,2,2023-11-01,7866846,1,0
G0712,1,2022-11-01,15893768,1,0
G0712,2,2023-04-01,4136963,1,0
G0712,3,2023-09-01,449269,1,0
G0713,1,2023-02-01,16462616,1,0
G0713,2,2023-04-01,29559341,1,0
G0713,3,2023-06-01,39901825,1,0
G0713,4,2023-08-01,47696218,1,0
G0714,1,2021-10-01,48310134,0,10
G0714,2,2022-07-01,26079866,1,0
G0715,1,2023-10-01,42483895,1,0
G0715,2,2024-02-01,24418209,1,0
G0715,3,2024-06-01,5667896,0,11
G0716,1,2024-08-01,5925044,1,0
G0716,2,2025-04-01,21184234,1,0
G0716,3,2025-12-01,3180722,1,0
G0717,1,2021-01-01,2768267,1,0
G0717,2,2021-09-01,68021494,1,0
G0717,3,2022-05-01,23650239,1,0
G0718,1,2021-07-01,15449409,1,0
G0718,2,2022-01-01,8474976,0,15
G0718,3,2022-07-01,2605615,1,0
G0719,1,2023-04-01,15664123,1,0
G0719,2,2023-10-01,37635877,1,0
G0720,1,2022-10-01,9563891,1,0
G0720,2,2023-02-01,8614565,1,0
G0720,3,2023-06-01,6749195,1,0
G0720,4,2023-10-01,19912349,0,9
G0721,1,2024-01-01,5740389,1,0
G0721,2,2024-10-01,37569611,0,3
G0722,1,2021-08-01,15027103,1,0
G0722,2,2021-11-01,10615706,1,0
G0722,3,2022-02-01,31887191,0,15
G0723,1,2024-09-01,24315697,1,0
G0723,2,2025-07-01,4274303,1,0
G0724,1,2021-05-01,18484578,1,0
G0724,2,2021-08-01,18860282,1,0
G0724,3,2021-11-01,15275141,0,5
G0725,1,2023-11-01,13541589,1,0
G0725,2,2024-05-01,14971173,1,0
G0725,3,2024-11-01,5987238,1,0
G0726,1,2024-12-01,62800875,1,0
G0726,2,2026-01-01,46859125,0,8
G0727,1,2022-02-01,20711028,1,0
G0727,2,2023-01-01,15348972,1,0
G0728,1,2023-01-01,6021387,1,0
G0728,2,2023-07-01,15611842,1,0
G0728,3,2024-01-01,6276771,0,7
G0729,1,2021-10-01,36539236,1,0
G0729,2,2021-12-01,5134043,1,0
G0729,3,2022-02-01,3471034,1,0
G0729,4,2022-04-01,10775688,0,9
G0730,1,2021-10-01,7727320,1,0
G0730,2,2022-01-01,7395213,1,0
G0730,3,2022-04-01,10907467,1,0
G0731,1,2022-11-01,127066565,1,0
G0731,2,2023-03-01,8146265,1,0
G0731,3,2023-07-01,17157170,1,0
G0732,1,2021-03-01,3875559,1,0
G0732,2,2021-10-01,22233417,1,0
G0732,3,2022-05-01,15841024,1,0
G0733,1,2024-02-01,28958327,0,4
G0733,2,2024-07-01,3339904,0,2
G0733,3,2024-12-01,11127932,1,0
G0733,4,2025-05-01,9023837,1,0
G0734,1,2024-08-01,33197159,1,0
G0734,2,2025-01-01,16386279,1,0
G0734,3,2025-06-01,13306562,1,0
G0735,1,2024-07-01,9765124,1,0
G0735,2,2024-11-01,6774876,1,0
G0736,1,2024-10-01,45150167,1,0
G0736,2,2025-09-01,33399833,1,0
G0737,1,2022-06-01,4975257,0,11
G0737,2,2022-12-01,5724299,1,0
G0737,3,2023-06-01,15880444,1,0
G0738,1,2023-07-01,2730094,1,0
G0738,2,2024-02-01,36725089,1,0
G0738,3,2024-09-01,67504817,0,9
G0739,1,2022-05-01,9923440,1,0
G0739,2,2022-12-01,15086560,1,0
G0740,1,2021-07-01,11022209,1,0
G0740,2,2021-10-01,10282866,1,0
G0740,3,2022-01-01,14684302,1,0
G0740,4,2022-04-01,3450624,1,0
G0741,1,2022-05-01,17221042,1,0
G0741,2,2023-01-01,11028958,0,12
G0742,1,2021-02-01,20709609,1,0
G0742,2,2021-06-01,13300391,1,0
G0743,1,2022-07-01,5958830,1,0
G0743,2,2023-04-01,5395965,0,14
G0743,3,2024-01-01,6385205,1,0
G0744,1,2023-10-01,32105281,1,0
G0744,2,2024-11-01,12074719,1,0
G0745,1,2024-10-01,8821895,1,0
G0745,2,2025-03-01,15540460,1,0
G0745,3,2025-08-01,3625837,0,10
G0745,4,2026-01-01,6241808,1,0
G0746,1,2021-05-01,10451150,1,0
G0746,2,2021-10-01,12534007,1,0
G0746,3,2022-03-01,4958344,0,12
G0746,4,2022-08-01,12826498,0,25
G0747,1,2022-08-01,24258982,1,0
G0747,2,2022-11-01,8160232,1,0
G0747,3,2023-02-01,3140786,1,0
G0748,1,2022-09-01,3799998,0,13
G0748,2,2023-01-01,14077806,0,19
G0748,3,2023-05-01,11344067,1,0
G0748,4,2023-09-01,7992280,1,0
G0748,5,2024-01-01,9045849,1,0
G0749,1,2024-11-01,8429198,1,0
G0749,2,2025-04-01,14450802,1,0
G0749,3,2025-09-01,29450000,1,0
G0750,1,2021-11-01,24316490,1,0
G0750,2,2022-06-01,32853510,1,0
G0751,1,2024-09-01,9587147,0,11
G0751,2,2025-05-01,44643762,1,0
G0751,3,2026-01-01,16939091,1,0
G0752,1,2022-04-01,27011245,0,7
G0752,2,2022-10-01,17868755,1,0
G0753,1,2021-02-01,56796770,1,0
G0753,2,2021-09-01,13930117,0,12
G0753,3,2022-04-01,8833113,1,0
G0754,1,2024-09-01,21765204,1,0
G0754,2,2025-01-01,1264639,1,0
G0754,3,2025-05-01,12223949,1,0
G0754,4,2025-09-01,10196209,1,0
G0755,1,2022-11-01,19117643,1,0
G0755,2,2023-11-01,21862357,1,0
G0756,1,2022-10-01,15976569,1,0
G0756,2,2023-01-01,19373902,1,0
G0756,3,2023-04-01,14694332,0,13
G0756,4,2023-07-01,16915196,1,0
G0757,1,2022-06-01,16521834,1,0
G0757,2,2023-04-01,6608166,1,0
G0758,1,2024-12-01,21952303,1,0
G0758,2,2025-12-01,12077697,0,15
G0759,1,2022-03-01,28987308,1,0
G0759,2,2022-09-01,39409651,0,16
G0759,3,2023-03-01,37807060,0,22
G0759,4,2023-09-01,22525981,0,8
G0760,1,2023-09-01,2809222,1,0
G0760,2,2024-08-01,41450778,1,0
G0761,1,2021-01-01,2124962,1,0
G0761,2,2021-03-01,13697139,0,6
G0761,3,2021-05-01,6667899,1,0
G0762,1,2022-11-01,2949912,1,0
G0762,2,2023-01-01,12321807,1,0
G0762,3,2023-03-01,17138848,1,0
G0762,4,2023-05-01,3389433,1,0
G0763,1,2021-11-01,7339838,0,2
G0763,2,2022-07-01,17812800,0,10
G0763,3,2023-03-01,15397362,0,2
G0764,1,2022-12-01,22819433,0,11
G0764,2,2023-10-01,12700567,1,0
G0765,1,2023-02-01,17561465,0,15
G0765,2,2023-05-01,10626284,1,0
G0765,3,2023-08-01,16242250,1,0
G0766,1,2023-04-01,25299533,1,0
G0766,2,2023-06-01,33096518,1,0
G0766,3,2023-08-01,16604893,1,0
G0766,4,2023-10-01,43759055,1,0
G0767,1,2022-12-01,4103385,0,8
G0767,2,2023-05-01,15213806,1,0
G0767,3,2023-10-01,11228994,1,0
G0767,4,2024-03-01,8033816,1,0
G0768,1,2022-05-01,19526984,1,0
G0768,2,2022-08-01,20848238,0,6
G0768,3,2022-11-01,21089707,1,0
G0768,4,2023-02-01,4775071,0,9
G0769,1,2022-10-01,9154235,0,8
G0769,2,2023-07-01,23346679,1,0
G0769,3,2024-04-01,17049086,1,0
G0770,1,2022-02-01,17534607,1,0
G0770,2,2022-04-01,21433355,1,0
G0770,3,2022-06-01,9355926,0,24
G0770,4,2022-08-01,9136112,1,0
G0771,1,2023-09-01,8318362,1,0
G0771,2,2024-03-01,18738269,1,0
G0771,3,2024-09-01,3073370,1,0
G0772,1,2024-12-01,11054369,1,0
G0772,2,2025-08-01,9301748,1,0
G0772,3,2026-04-01,24703883,1,0
G0773,1,2022-08-01,16121581,1,0
G0773,2,2022-11-01,7190722,1,0
G0773,3,2023-02-01,14160065,1,0
G0773,4,2023-05-01,3757632,1,0
G0774,1,2024-04-01,10675985,0,10
G0774,2,2025-04-01,8814015,1,0
G0775,1,2022-05-01,14997859,1,0
G0775,2,2022-11-01,9892141,1,0
G0776,1,2022-01-01,9279251,0,24
G0776,2,2022-07-01,39200749,0,13
G0777,1,2023-06-01,11066843,1,0
G0777,2,2023-10-01,50272854,1,0
G0777,3,2024-02-01,3252454,1,0
G0777,4,2024-06-01,9117849,1,0
G0778,1,2022-08-01,12598104,1,0
G0778,2,2022-12-01,1790979,1,0
G0778,3,2023-04-01,6205330,1,0
G0778,4,2023-08-01,8515587,1,0
G0779,1,2022-06-01,51547445,1,0
G0779,2,2023-05-01,85092555,1,0
G0780,1,2021-02-01,11785106,1,0
G0780,2,2021-04-01,4148581,1,0
G0780,3,2021-06-01,31766761,0,19
G0780,4,2021-08-01,25909552,1,0
G0781,1,2021-09-01,106456232,1,0
G0781,2,2022-07-01,30403768,1,0
G0782,1,2021-09-01,28276631,1,0
G0782,2,2022-05-01,23219698,1,0
G0782,3,2023-01-01,56793672,1,0
G0783,1,2021-05-01,37883327,1,0
G0783,2,2021-08-01,10653696,1,0
G0783,3,2021-11-01,12161659,0,7
G0783,4,2022-02-01,3448131,1,0
G0783,5,2022-05-01,51453187,1,0
G0784,1,2022-11-01,17738765,0,7
G0784,2,2023-03-01,2977570,1,0
G0784,3,2023-07-01,203665,1,0
G0785,1,2024-10-01,9919741,1,0
G0785,2,2025-04-01,19307318,1,0
G0785,3,2025-10-01,16952940,1,0
G0786,1,2023-03-01,12960568,1,0
G0786,2,2023-08-01,17674012,1,0
G0786,3,2024-01-01,7551514,1,0
G0786,4,2024-06-01,5278985,1,0
G0786,5,2024-11-01,45014921,1,0
G0787,1,2021-08-01,16381118,1,0
G0787,2,2021-12-01,13288307,1,0
G0787,3,2022-04-01,8050575,1,0
G0788,1,2022-05-01,27755058,1,0
G0788,2,2023-03-01,22264942,0,21
G0789,1,2021-01-01,10632345,1,0
G0789,2,2021-08-01,13772504,1,0
G0789,3,2022-03-01,5725151,0,19
G0790,1,2021-09-01,15384369,1,0
G0790,2,2022-03-01,8411937,1,0
G0790,3,2022-09-01,15613694,1,0
G0791,1,2021-06-01,5388633,1,0
G0791,2,2022-02-01,7881367,0,13
G0792,1,2023-12-01,8759722,1,0
G0792,2,2024-04-01,6176816,1,0
G0792,3,2024-08-01,13023913,1,0
G0792,4,2024-12-01,4309548,1,0
G0793,1,2022-11-01,43936365,1,0
G0793,2,2023-03-01,5773635,1,0
G0794,1,2022-05-01,18195275,1,0
G0794,2,2022-09-01,23848932,1,0
G0794,3,2023-01-01,19707295,1,0
G0794,4,2023-05-01,8408498,1,0
G0795,1,2024-12-01,11292187,1,0
G0795,2,2025-03-01,7907257,1,0
G0795,3,2025-06-01,12382081,1,0
G0795,4,2025-09-01,3538475,1,0
G0796,1,2024-12-01,7296787,1,0
G0796,2,2025-03-01,26450731,1,0
G0796,3,2025-06-01,29092482,1,0
G0797,1,2024-05-01,59256545,1,0
G0797,2,2024-08-01,13882056,0,9
G0797,3,2024-11-01,11350791,1,0
G0797,4,2025-02-01,34253515,1,0
G0797,5,2025-05-01,9577093,1,0
G0798,1,2021-02-01,11258906,0,18
G0798,2,2021-04-01,3985040,1,0
G0798,3,2021-06-01,649661,0,11
G0798,4,2021-08-01,2335638,1,0
G0798,5,2021-10-01,3450755,1,0
G0799,1,2022-12-01,36468593,1,0
G0799,2,2023-03-01,55734521,1,0
G0799,3,2023-06-01,58676759,1,0
G0799,4,2023-09-01,2840128,0,9
G0800,1,2023-09-01,6420937,1,0
G0800,2,2023-11-01,13861981,1,0
G0800,3,2024-01-01,12090558,1,0
G0800,4,2024-03-01,90840458,0,2
G0800,5,2024-05-01,5956066,1,0
G0801,1,2021-07-01,9995836,1,0
G0801,2,2021-11-01,41045344,1,0
G0801,3,2022-03-01,43407995,1,0
G0801,4,2022-07-01,8830824,1,0
G0802,1,2023-03-01,51341641,0,14
G0802,2,2024-01-01,41058359,1,0
G0803,1,2021-04-01,13665459,1,0
G0803,2,2021-09-01,5384541,1,0
G0804,1,2024-05-01,9903162,1,0
G0804,2,2024-09-01,29374686,1,0
G0804,3,2025-01-01,9982153,1,0
G0805,1,2022-09-01,22542624,1,0
G0805,2,2023-02-01,16438087,1,0
G0805,3,2023-07-01,20753218,0,20
G0805,4,2023-12-01,21978657,1,0
G0805,5,2024-05-01,5957414,1,0
G0806,1,2022-09-01,41761760,1,0
G0806,2,2022-12-01,3610278,1,0
G0806,3,2023-03-01,11448401,1,0
G0806,4,2023-06-01,37159561,1,0
G0807,1,2024-07-01,4943663,0,9
G0807,2,2024-12-01,7558519,1,0
G0807,3,2025-05-01,11308863,0,2
G0807,4,2025-10-01,8658954,1,0
G0808,1,2024-10-01,9126100,1,0
G0808,2,2025-04-01,7987844,1,0
G0808,3,2025-10-01,11426056,1,0
G0809,1,2021-09-01,62490550,1,0
G0809,2,2022-03-01,29601092,1,0
G0809,3,2022-09-01,35835025,1,0
G0809,4,2023-03-01,36383333,1,0
G0810,1,2023-04-01,30246011,1,0
G0810,2,2024-01-01,8143989,1,0
G0811,1,2024-04-01,9466472,1,0
G0811,2,2024-10-01,3097751,0,22
G0811,3,2025-04-01,8597206,1,0
G0811,4,2025-10-01,18318571,1,0
G0812,1,2023-11-01,20766257,0,17
G0812,2,2024-11-01,16543743,1,0
G0813,1,2021-06-01,10195051,1,0
G0813,2,2021-12-01,6144143,1,0
G0813,3,2022-06-01,6505089,1,0
G0813,4,2022-12-01,6695718,1,0
G0814,1,2022-09-01,41126603,0,2
G0814,2,2023-03-01,27665119,0,14
G0814,3,2023-09-01,16898337,1,0
G0814,4,2024-03-01,11999940,0,11
G0815,1,2024-07-01,103198661,1,0
G0815,2,2025-01-01,11763725,1,0
G0815,3,2025-07-01,28587614,1,0
G0816,1,2022-08-01,20961656,1,0
G0816,2,2023-02-01,14626540,1,0
G0816,3,2023-08-01,10146925,1,0
G0816,4,2024-02-01,13214879,0,14
G0817,1,2024-01-01,15124130,1,0
G0817,2,2024-11-01,23635870,1,0
G0818,1,2022-08-01,14273952,1,0
G0818,2,2023-01-01,18964875,0,5
G0818,3,2023-06-01,9487211,0,10
G0818,4,2023-11-01,35743962,1,0
G0819,1,2022-10-01,11587217,0,10
G0819,2,2023-01-01,11741950,0,25
G0819,3,2023-04-01,15250833,0,13
G0820,1,2023-06-01,9215595,0,7
G0820,2,2024-02-01,41291885,1,0
G0820,3,2024-10-01,10572520,1,0
G0821,1,2024-09-01,3941547,1,0
G0821,2,2025-02-01,42160141,1,0
G0821,3,2025-07-01,21528312,1,0
G0822,1,2024-08-01,10002361,1,0
G0822,2,2024-12-01,44650247,0,16
G0822,3,2025-04-01,24327392,1,0
G0823,1,2024-03-01,28122938,0,13
G0823,2,2024-06-01,71524680,1,0
G0823,3,2024-09-01,1352382,1,0
G0824,1,2023-02-01,27117279,1,0
G0824,2,2023-07-01,6705596,1,0
G0824,3,2023-12-01,10667126,1,0
G0825,1,2023-12-01,17126180,1,0
G0825,2,2024-06-01,17575812,0,2
G0825,3,2024-12-01,15665970,0,11
G0825,4,2025-06-01,2622038,0,2
G0826,1,2022-01-01,11815117,1,0
G0826,2,2022-07-01,6948305,1,0
G0826,3,2023-01-01,45294072,0,11
G0826,4,2023-07-01,29712505,0,10
G0827,1,2021-01-01,10774260,1,0
G0827,2,2021-05-01,25135346,1,0
G0827,3,2021-09-01,70680394,1,0
G0828,1,2024-02-01,8956256,1,0
G0828,2,2024-05-01,4784886,1,0
G0828,3,2024-08-01,1408857,1,0
G0829,1,2024-06-01,2882360,1,0
G0829,2,2024-08-01,5011273,1,0
G0829,3,2024-10-01,8289558,1,0
G0829,4,2024-12-01,13846809,1,0
G0830,1,2024-11-01,220669,1,0
G0830,2,2024-12-01,6743258,1,0
G0830,3,2025-01-01,8157358,1,0
G0830,4,2025-02-01,11329593,1,0
G0830,5,2025-03-01,13289122,1,0
G0831,1,2023-03-01,50001948,1,0
G0831,2,2023-09-01,14038052,1,0
G0832,1,2021-09-01,10655015,0,6
G0832,2,2022-01-01,9618134,1,0
G0832,3,2022-05-01,31866850,1,0
G0833,1,2022-12-01,65196947,0,22
G0833,2,2024-01-01,11353053,1,0
G0834,1,2023-01-01,2606266,1,0
G0834,2,2023-07-01,13497282,1,0
G0834,3,2024-01-01,6007125,0,2
G0834,4,2024-07-01,2319328,1,0
G0835,1,2021-12-01,7980439,1,0
G0835,2,2022-04-01,5743760,1,0
G0835,3,2022-08-01,5515801,1,0
G0836,1,2021-01-01,23877099,1,0
G0836,2,2021-10-01,5102901,1,0
G0837,1,2022-01-01,28012347,1,0
G0837,2,2022-04-01,13008423,1,0
G0837,3,2022-07-01,35979230,0,12
G0838,1,2024-07-01,37611744,1,0
G0838,2,2025-03-01,39048256,1,0
G0839,1,2021-06-01,22709815,1,0
G0839,2,2021-10-01,4862162,1,0
G0839,3,2022-02-01,12358023,1,0
G0840,1,2024-12-01,56118331,1,0
G0840,2,2025-07-01,79971669,1,0
G0841,1,2022-08-01,40086325,1,0
G0841,2,2022-11-01,22918945,1,0
G0841,3,2023-02-01,28701210,1,0
G0841,4,2023-05-01,14800815,1,0
G0841,5,2023-08-01,13722705,1,0
G0842,1,2022-11-01,9706737,1,0
G0842,2,2023-05-01,2624812,1,0
G0842,3,2023-11-01,11388451,1,0
G0843,1,2023-03-01,9316053,1,0
G0843,2,2023-05-01,13975799,1,0
G0843,3,2023-07-01,35470873,1,0
G0843,4,2023-09-01,21707131,1,0
G0843,5,2023-11-01,2894080,1,0
G0843,6,2024-01-01,7636065,0,6
G0844,1,2024-09-01,20429150,1,0
G0844,2,2025-05-01,2901863,1,0
G0844,3,2026-01-01,2268987,1,0
G0845,1,2021-10-01,42344697,1,0
G0845,2,2022-11-01,51285303,1,0
G0846,1,2024-03-01,28797857,1,0
G0846,2,2024-06-01,9053067,1,0
G0846,3,2024-09-01,18104944,1,0
G0846,4,2024-12-01,33761266,0,14
G0846,5,2025-03-01,11442867,0,10
G0847,1,2024-12-01,3991608,0,12
G0847,2,2025-07-01,6061142,1,0
G0847,3,2026-02-01,20207250,1,0
G0848,1,2023-12-01,26841621,1,0
G0848,2,2024-09-01,21251457,1,0
G0848,3,2025-06-01,6526922,1,0
G0849,1,2023-09-01,8569690,1,0
G0849,2,2024-01-01,4761412,1,0
G0849,3,2024-05-01,23220931,0,16
G0849,4,2024-09-01,16617967,1,0
G0850,1,2024-01-01,140672912,1,0
G0850,2,2024-07-01,79233796,1,0
G0850,3,2025-01-01,24543292,1,0
G0851,1,2022-09-01,26499319,0,16
G0851,2,2023-04-01,25009950,1,0
G0851,3,2023-11-01,15070731,1,0
G0852,1,2021-09-01,16914900,0,16
G0852,2,2021-11-01,5047589,1,0
G0852,3,2022-01-01,6839205,1,0
G0852,4,2022-03-01,5094702,0,11
G0852,5,2022-05-01,2743605,1,0
G0853,1,2024-11-01,13646516,1,0
G0853,2,2025-05-01,21786873,1,0
G0853,3,2025-11-01,5806611,1,0
G0854,1,2024-01-01,33317679,1,0
G0854,2,2024-05-01,29824828,0,23
G0854,3,2024-09-01,17727493,1,0
G0855,1,2021-09-01,4910531,1,0
G0855,2,2022-01-01,10286633,1,0
G0855,3,2022-05-01,13604336,1,0
G0855,4,2022-09-01,748500,0,18
G0856,1,2023-04-01,27278116,1,0
G0856,2,2024-01-01,5121884,1,0
G0857,1,2024-03-01,15092447,1,0
G0857,2,2024-08-01,14782394,1,0
G0857,3,2025-01-01,8395159,1,0
G0858,1,2021-08-01,19974668,1,0
G0858,2,2021-11-01,9739466,1,0
G0858,3,2022-02-01,28735866,0,14
G0859,1,2023-12-01,28511142,0,9
G0859,2,2024-11-01,15408858,1,0
G0860,1,2024-04-01,16753270,1,0
G0860,2,2024-10-01,49384304,1,0
G0860,3,2025-04-01,3602425,0,2
G0861,1,2021-09-01,21813907,1,0
G0861,2,2022-02-01,8066093,1,0
G0862,1,2023-11-01,13221551,1,0
G0862,2,2024-02-01,12016435,1,0
G0862,3,2024-05-01,18273164,1,0
G0862,4,2024-08-01,4468850,1,0
G0863,1,2023-12-01,5189824,1,0
G0863,2,2024-08-01,21370176,1,0
G0864,1,2023-03-01,69215856,1,0
G0864,2,2023-09-01,16149703,1,0
G0864,3,2024-03-01,2224441,1,0
G0865,1,2024-01-01,43990124,1,0
G0865,2,2024-07-01,27436663,1,0
G0865,3,2025-01-01,20313213,1,0
G0866,1,2024-06-01,2138609,0,18
G0866,2,2024-11-01,26939623,0,2
G0866,3,2025-04-01,18091987,1,0
G0866,4,2025-09-01,44219781,1,0
G0867,1,2022-05-01,13511296,0,25
G0867,2,2022-08-01,21204204,1,0
G0867,3,2022-11-01,13714499,1,0
G0868,1,2021-03-01,7802966,0,16
G0868,2,2021-08-01,13015855,1,0
G0868,3,2022-01-01,4139702,1,0
G0868,4,2022-06-01,15441477,1,0
G0869,1,2024-01-01,25175635,1,0
G0869,2,2024-04-01,14023969,0,5
G0869,3,2024-07-01,29990396,1,0
G0870,1,2021-08-01,12497090,1,0
G0870,2,2022-06-01,28122910,1,0
G0871,1,2024-12-01,46962884,1,0
G0871,2,2025-07-01,29908752,1,0
G0871,3,2026-02-01,9228365,1,0
G0872,1,2023-01-01,19124430,1,0
G0872,2,2023-06-01,19466910,1,0
G0872,3,2023-11-01,24588660,0,5
G0873,1,2021-02-01,26170855,0,6
G0873,2,2021-05-01,5107551,1,0
G0873,3,2021-08-01,27291593,0,21
G0874,1,2024-12-01,1308852,1,0
G0874,2,2025-02-01,19385572,1,0
G0874,3,2025-04-01,7678383,1,0
G0874,4,2025-06-01,12397193,1,0
G0875,1,2021-06-01,38328445,1,0
G0875,2,2022-03-01,59011555,1,0
G0876,1,2021-07-01,19782052,1,0
G0876,2,2021-09-01,1740834,1,0
G0876,3,2021-11-01,8405681,1,0
G0876,4,2022-01-01,3824436,1,0
G0876,5,2022-03-01,6056997,0,9
G0877,1,2024-03-01,6244552,0,9
G0877,2,2024-09-01,22330525,1,0
G0877,3,2025-03-01,9884923,1,0
G0878,1,2024-03-01,17405081,1,0
G0878,2,2025-04-01,72574919,0,11
G0879,1,2021-04-01,28710068,1,0
G0879,2,2022-04-01,8999932,1,0
G0880,1,2021-09-01,2548321,1,0
G0880,2,2021-11-01,4341790,0,5
G0880,3,2022-01-01,9292251,0,16
G0880,4,2022-03-01,4197638,1,0
G0881,1,2023-03-01,26286005,1,0
G0881,2,2024-02-01,29883995,1,0
G0882,1,2021-03-01,2697085,1,0
G0882,2,2021-09-01,16237564,1,0
G0882,3,2022-03-01,2728200,1,0
G0882,4,2022-09-01,6147150,1,0
G0883,1,2022-03-01,3216006,1,0
G0883,2,2022-09-01,30223994,1,0
G0884,1,2022-07-01,23826003,1,0
G0884,2,2023-02-01,10729600,1,0
G0884,3,2023-09-01,17314397,0,10
G0885,1,2024-10-01,7162736,1,0
G0885,2,2025-03-01,2887983,0,13
G0885,3,2025-08-01,13499281,1,0
G0886,1,2022-04-01,15342533,1,0
G0886,2,2022-07-01,68060336,1,0
G0886,3,2022-10-01,15857131,1,0
G0887,1,2024-11-01,3069670,1,0
G0887,2,2025-03-01,2004615,1,0
G0887,3,2025-07-01,4176905,1,0
G0887,4,2025-11-01,13318810,1,0
G0888,1,2024-11-01,28261895,1,0
G0888,2,2025-04-01,41590208,1,0
G0888,3,2025-09-01,24083231,1,0
G0888,4,2026-02-01,53314666,1,0
G0889,1,2024-12-01,11382538,1,0
G0889,2,2025-04-01,18251648,1,0
G0889,3,2025-08-01,33935814,1,0
G0890,1,2024-06-01,8358361,1,0
G0890,2,2025-03-01,13761639,1,0
G0891,1,2023-03-01,23105363,1,0
G0891,2,2023-08-01,4224637,0,15
G0892,1,2024-08-01,32976105,1,0
G0892,2,2025-01-01,49513895,1,0
G0893,1,2024-04-01,45556742,1,0
G0893,2,2024-11-01,14214613,1,0
G0893,3,2025-06-01,19608645,1,0
G0894,1,2024-09-01,17789437,1,0
G0894,2,2025-05-01,44086045,0,13
G0894,3,2026-01-01,13514518,1,0
G0895,1,2023-01-01,27457971,0,6
G0895,2,2023-09-01,8442029,1,0
G0896,1,2023-02-01,30856018,1,0
G0896,2,2024-02-01,11583982,1,0
G0897,1,2023-12-01,11825961,1,0
G0897,2,2024-05-01,19753145,1,0
G0897,3,2024-10-01,21790895,1,0
G0898,1,2021-11-01,35095711,1,0
G0898,2,2022-02-01,12129231,1,0
G0898,3,2022-05-01,8585058,1,0
G0899,1,2022-10-01,7646385,0,18
G0899,2,2023-05-01,8093260,0,7
G0899,3,2023-12-01,6710355,1,0
G0900,1,2021-08-01,116151350,1,0
G0900,2,2021-10-01,76539035,1,0
G0900,3,2021-12-01,44823408,1,0
G0900,4,2022-02-01,12486207,1,0
